-- --------------------------------------------------------
-- 호스트:                          127.0.0.1
-- 서버 버전:                        11.4.2-MariaDB - mariadb.org binary distribution
-- 서버 OS:                        Win64
-- HeidiSQL 버전:                  12.6.0.6765
-- --------------------------------------------------------

/*!40101 SET @OLD_CHARACTER_SET_CLIENT=@@CHARACTER_SET_CLIENT */;
/*!40101 SET NAMES utf8 */;
/*!50503 SET NAMES utf8mb4 */;
/*!40103 SET @OLD_TIME_ZONE=@@TIME_ZONE */;
/*!40103 SET TIME_ZONE='+00:00' */;
/*!40014 SET @OLD_FOREIGN_KEY_CHECKS=@@FOREIGN_KEY_CHECKS, FOREIGN_KEY_CHECKS=0 */;
/*!40101 SET @OLD_SQL_MODE=@@SQL_MODE, SQL_MODE='NO_AUTO_VALUE_ON_ZERO' */;
/*!40111 SET @OLD_SQL_NOTES=@@SQL_NOTES, SQL_NOTES=0 */;


-- leopold 데이터베이스 구조 내보내기
DROP DATABASE IF EXISTS `leopold`;
CREATE DATABASE IF NOT EXISTS `leopold` /*!40100 DEFAULT CHARACTER SET utf8mb4 COLLATE utf8mb4_general_ci */;
USE `leopold`;

-- 테이블 leopold.as 구조 내보내기
DROP TABLE IF EXISTS `as`;
CREATE TABLE IF NOT EXISTS `as` (
  `uid` int(11) NOT NULL AUTO_INCREMENT,
  `category` int(11) NOT NULL,
  `question` varchar(255) NOT NULL,
  `answer` longtext NOT NULL,
  PRIMARY KEY (`uid`)
) ENGINE=InnoDB AUTO_INCREMENT=9 DEFAULT CHARSET=utf8mb4 COLLATE=utf8mb4_general_ci;

-- 테이블 데이터 leopold.as:~8 rows (대략적) 내보내기
DELETE FROM `as`;
INSERT INTO `as` (`uid`, `category`, `question`, `answer`) VALUES
	(1, 1, 'A/S 비용안내', '<p>키보드의 고장 원인 및 고장 상태에 따라 발생하는 비용이 상이하기 때문에 고장 원인 파악 전까지 금액 안내를 드리기 어렵습니다.</p>'),
	(2, 1, 'A/S 정책 및 운영 방침', '<p>본 약관은 레오폴드㈜에서 판매한 제품에 대하여 고객 여러분들께 더 나은 서비스를 제공하기 위해 작성되었으며 제공되는 서비스는 아래와 같습니다.</p><p>본 약관은 국내에서만 효력을 갖습니다.</p><p>본 약관은 레오폴드㈜에서 제조/유통/판매한 제품에 한하여 적용됩니다.</p>'),
	(3, 1, 'A/S 처리의 목적', '<p>본 약관은 레오폴드㈜에서 제공하는 모든 서비스의 이용 조건 및 제품 사용 중의 문제로 인한 책임 사항과 고객에게 공평한 서비스를 제공하여 신뢰도를 높이며</p><p>업무의 공정을 기함에 목적이 있습니다.</p>'),
	(4, 1, 'A/S 유의사항', '<p>무상 보증 기간(고객과실 제외)은 구매일로부터 1년으로, 공식 홈페이지 구매가 아닌 제품의 보증기간 증명을 원하시는 경우 영수증을 첨부하여 주시기 바랍니다.</p><p>무상 보증 기간 제품의 구매 내역 및 영수증 확인이 불가능할 경우 제품 S/N을 통하여 보증기간을 산출하며, 실제 구입일보다 보증기간이 단축될 수 있습니다.</p><p>보증기간 내 \'고객 과실\'이 없는 고장의 경우 발송 택배비가 발생하며, 제품 점검 및 수리 후 선불 택배로 출고 진행됩니다.</p><p>보증기간 내 ‘고객 과실건’ 또는 보증기간 외 고장 제품의 경우 왕복 택배비가 발생하며 제품 상태에 따라 수리비용이 발생할 수 있습니다.</p>'),
	(5, 2, 'A/S 접수 방법', '<p>*A/S 접수 시 A/S 게시판에 아래 필수항목을 작성해 주시기 바랍니다.</p><p>1. 성함</p><p>2. 연락처</p><p>3. 주소</p><p>4. Part No. / Serial No.</p><p>5. 제품의 고장증상 및 그 원인 (ex: 침수, 이물질 유입, 파손)</p>'),
	(6, 2, 'A/S 택배 발송 안내', '<p>수리를 위해 제품을 발송하는 경우, A/S 접수 글의 "댓글" 확인 후 편하신 택배사 이용하시어 선불 택배로 발송해주시기 바랍니다.</p>'),
	(7, 2, 'A/S 보내는 곳 주소', '<p>- 경기도 고양시 일산동구 하늘마을로 158, 대방 트리플라온 B동 306호 레오폴드㈜</p><p>- 고객센터 : 050-2020-1030</p>'),
	(8, 2, '내방 A/S 접수 안내', '<p>- 운영시간 : 평일 오전 10:00 ~ 오후 5:00</p><p>- 점심시간 : 오후 12:00~1:30</p><p>- 주말 및 공휴일 휴무</p><p><br/></p><p>가급적 월요일 방문은 지양하고 있으며, 방문 접수 시 홈페이지 A/S 접수 및 고객센터 연락 후 방문해주시기 바랍니다.</p><p>당일 현장 A/S는 지원하고 있지 않으며, A/S 제품 접수만 가능합니다.</p>');

-- 테이블 leopold.cart 구조 내보내기
DROP TABLE IF EXISTS `cart`;
CREATE TABLE IF NOT EXISTS `cart` (
  `uid` int(11) NOT NULL AUTO_INCREMENT,
  `date` timestamp NOT NULL DEFAULT current_timestamp(),
  `quantity` int(11) NOT NULL,
  `used_yn` char(1) NOT NULL DEFAULT 'n',
  `user_uid` int(11) NOT NULL,
  `product_uid` int(11) NOT NULL,
  `order_uid` int(11) DEFAULT NULL,
  PRIMARY KEY (`uid`),
  KEY `user_uid` (`user_uid`),
  KEY `product_uid` (`product_uid`),
  KEY `order_uid` (`order_uid`),
  CONSTRAINT `cart_ibfk_1` FOREIGN KEY (`user_uid`) REFERENCES `user` (`uid`) ON DELETE CASCADE ON UPDATE CASCADE,
  CONSTRAINT `cart_ibfk_2` FOREIGN KEY (`product_uid`) REFERENCES `product` (`uid`) ON DELETE CASCADE ON UPDATE CASCADE,
  CONSTRAINT `cart_ibfk_3` FOREIGN KEY (`order_uid`) REFERENCES `order` (`uid`) ON DELETE CASCADE ON UPDATE CASCADE
) ENGINE=InnoDB AUTO_INCREMENT=128 DEFAULT CHARSET=utf8mb4 COLLATE=utf8mb4_general_ci;

-- 테이블 데이터 leopold.cart:~0 rows (대략적) 내보내기
DELETE FROM `cart`;

-- 테이블 leopold.comment 구조 내보내기
DROP TABLE IF EXISTS `comment`;
CREATE TABLE IF NOT EXISTS `comment` (
  `uid` int(11) NOT NULL AUTO_INCREMENT,
  `content` longtext NOT NULL,
  `write_date` timestamp NOT NULL DEFAULT current_timestamp(),
  `review_uid` int(11) NOT NULL,
  `user_uid` int(11) DEFAULT NULL,
  PRIMARY KEY (`uid`),
  KEY `review_uid` (`review_uid`),
  KEY `user_uid` (`user_uid`),
  CONSTRAINT `comment_ibfk_1` FOREIGN KEY (`review_uid`) REFERENCES `review` (`uid`) ON DELETE CASCADE ON UPDATE CASCADE,
  CONSTRAINT `comment_ibfk_2` FOREIGN KEY (`user_uid`) REFERENCES `user` (`uid`) ON DELETE SET NULL ON UPDATE CASCADE
) ENGINE=InnoDB AUTO_INCREMENT=3 DEFAULT CHARSET=utf8mb4 COLLATE=utf8mb4_general_ci;

-- 테이블 데이터 leopold.comment:~2 rows (대략적) 내보내기
DELETE FROM `comment`;
INSERT INTO `comment` (`uid`, `content`, `write_date`, `review_uid`, `user_uid`) VALUES
	(1, '소중한 리뷰 감사합니다 ^^', '2024-09-19 21:55:22', 2, 1),
	(2, '2.4 Ghz 제품을 찾아보시는 게 좋을 것 같아요', '2024-09-19 21:58:24', 4, 2);

-- 테이블 leopold.download 구조 내보내기
DROP TABLE IF EXISTS `download`;
CREATE TABLE IF NOT EXISTS `download` (
  `uid` int(11) NOT NULL AUTO_INCREMENT,
  `title` varchar(255) NOT NULL,
  `content` varchar(255) NOT NULL,
  `write_date` timestamp NOT NULL DEFAULT current_timestamp(),
  `download_category_uid` int(11) NOT NULL,
  `user_uid` int(11) NOT NULL,
  PRIMARY KEY (`uid`),
  KEY `download_category_uid` (`download_category_uid`),
  KEY `user_uid` (`user_uid`),
  CONSTRAINT `download_ibfk_1` FOREIGN KEY (`download_category_uid`) REFERENCES `download_category` (`uid`) ON DELETE CASCADE ON UPDATE CASCADE,
  CONSTRAINT `download_ibfk_2` FOREIGN KEY (`user_uid`) REFERENCES `user` (`uid`) ON DELETE CASCADE ON UPDATE CASCADE
) ENGINE=InnoDB AUTO_INCREMENT=20 DEFAULT CHARSET=utf8mb4 COLLATE=utf8mb4_general_ci;

-- 테이블 데이터 leopold.download:~19 rows (대략적) 내보내기
DELETE FROM `download`;
INSERT INTO `download` (`uid`, `title`, `content`, `write_date`, `download_category_uid`, `user_uid`) VALUES
	(1, 'FC650MDS firmware updater', '<p>안녕하세요  레오폴드 입니다.</p><p>FC650MDS 일부 제품의 키 입력 오류 증상에 대하여 개선된 펌웨어를 제공하는 프로그램 입니다.</p><p>파일 다운로드 및 압축 해제 후 아래 안내에 따라 진행 해주시면 되겠습니다.</p><p>추가로 발생되는 버그나 오류 등은 지속적으로 모니터링 및 피드백 받아 개선하겠습니다.</p><p>감사합니다.</p>', '2024-09-19 10:06:04', 1, 1),
	(2, '레오폴드 FC980C Manual', '<p>레오폴드 FC980C 정전용량 무접점 키보드의 매뉴얼 입니다.</p>', '2024-09-19 10:07:15', 2, 1),
	(3, 'FC660C Manual', '<p>레오폴드 FC660C 정전용량 무접점  매뉴얼 입니다.</p>', '2024-09-19 10:07:57', 2, 1),
	(4, 'FC660C (low noise) Manual', '<p>레오폴드 FC660C 저소음 모델 매뉴얼 입니다.</p>', '2024-09-19 10:08:28', 2, 1),
	(5, 'Realforce R2 Manual', '<p>리얼포스 R2 메뉴얼 입니다.</p>', '2024-09-19 10:09:06', 2, 1),
	(6, 'FC210TP Manual', '<p>레오폴드 FC210TP 매뉴얼 입니다.</p>', '2024-09-19 10:09:28', 2, 1),
	(7, 'FC650MDS Manual', '<p>레오폴드 FC650MDS 매뉴얼 입니다.</p>', '2024-09-19 10:09:52', 2, 1),
	(8, 'FC980M Manual', '<p>레오폴드 FC980M 매뉴얼 입니다.</p>', '2024-09-19 10:10:28', 2, 1),
	(9, 'FC660M Manual', '<p>레오폴드 FC660M 매뉴얼 입니다.</p>', '2024-09-19 10:10:58', 2, 1),
	(10, 'FC750R Manual', '<p>레오폴드 FC750R PD 매뉴얼입니다.</p><p>아래 첨부파일을 다운로드하여 사용해 주시기 바랍니다.</p>', '2024-09-19 10:11:39', 2, 1),
	(11, 'FC900R PD Manual', '<p>레오폴드 FC900R PD 매뉴얼입니다.</p>', '2024-09-19 10:12:03', 2, 1),
	(12, 'Realforce R3 BT Manual & Software Guide', '<p>리얼포스 R3 BT 매뉴얼 및 전용 소프트웨어 가이드 파일 입니다.</p><p>아래 링크 및 첨부파일을 확인해주세요.<p><p><br /></p><p>소프트웨어 가이드 : ﻿Realforce R3_Software Guide<p>', '2024-09-19 10:13:11', 2, 1),
	(13, '한영키 한자키 변환 파일', '<p>안녕하세요. 레오폴드입니다.</p><p>키보드 우측 Alt  Ctrl 버튼을 각각 한/영  한자로 사용해주는 레지스트리 입니다.</p><p>우측 Alt  Ctrl 로 각각 한/영  한자 변환이 가능합니다.</p>', '2024-09-19 10:14:00', 1, 1),
	(14, '키 테스트 프로그램', '<p>안녕하세요. 레오폴드입니다.</p><p>키가 정상 작동 여부를 확인할 수 있는 키 테스트 프로그램입니다.</p><p>간단한 설치 후 테스트를 진행해 주시기 바랍니다.</p>', '2024-09-19 10:14:44', 1, 1),
	(15, '자가진단', '<img src="https://leopold.co.kr/web/upload/NNEditor/20230831/EC9E90EAB080ECA784EB8BA8.jpg" alt="download" style={{ display: "block", margin: "30px auto" }} />', '2024-09-19 10:18:13', 3, 1),
	(16, '컴퓨터 블루투스 설정 및 드라이버 초기화 방법', '<p>안녕하세요 레오폴드입니다.</p><p>레오폴드 블루투스 모델의 페어링 연결 실행 중 오류 발생 시 컴퓨터에 연결된 블루투스 및 키보드 설정 초기화 방법입니다.</p>', '2024-09-19 10:19:04', 3, 1),
	(17, '레오폴드 블루투스 모델 Pincode 확인 불가 시 연결 방법 Windows 11.ver', '<p>안녕하세요.  레오폴드입니다.</p><p>레오폴드 블루투스 모델의 페어링 연결 실행 중 오류 발생 시 아래 순서를 참고 하셔서 재 연결을 진행 바랍니다.</p>', '2024-09-19 10:19:51', 3, 1),
	(18, '리얼포스 소프트웨어 프로그램', '<p>리얼포스 소프트웨어 프로그램 다운로드 바로가기</p>', '2024-09-19 10:20:19', 1, 1),
	(19, 'FC730MBT MX2A Manual', '<p>레오폴드 FC730MBT MX2A 매뉴얼입니다.</p>', '2024-09-19 10:20:45', 2, 1);

-- 테이블 leopold.download_category 구조 내보내기
DROP TABLE IF EXISTS `download_category`;
CREATE TABLE IF NOT EXISTS `download_category` (
  `uid` int(11) NOT NULL AUTO_INCREMENT,
  `name` varchar(255) NOT NULL,
  PRIMARY KEY (`uid`)
) ENGINE=InnoDB AUTO_INCREMENT=4 DEFAULT CHARSET=utf8mb4 COLLATE=utf8mb4_general_ci;

-- 테이블 데이터 leopold.download_category:~3 rows (대략적) 내보내기
DELETE FROM `download_category`;
INSERT INTO `download_category` (`uid`, `name`) VALUES
	(1, '소프트웨어'),
	(2, '매뉴얼'),
	(3, '문제해결');

-- 테이블 leopold.faq 구조 내보내기
DROP TABLE IF EXISTS `faq`;
CREATE TABLE IF NOT EXISTS `faq` (
  `uid` int(11) NOT NULL AUTO_INCREMENT,
  `question` varchar(255) NOT NULL,
  `answer` longtext NOT NULL,
  `image_url` varchar(255) DEFAULT NULL,
  `faq_category_uid` int(11) NOT NULL,
  PRIMARY KEY (`uid`),
  KEY `faq_category_uid` (`faq_category_uid`),
  CONSTRAINT `faq_ibfk_1` FOREIGN KEY (`faq_category_uid`) REFERENCES `faq_category` (`uid`) ON DELETE CASCADE ON UPDATE CASCADE
) ENGINE=InnoDB AUTO_INCREMENT=20 DEFAULT CHARSET=utf8mb4 COLLATE=utf8mb4_general_ci;

-- 테이블 데이터 leopold.faq:~19 rows (대략적) 내보내기
DELETE FROM `faq`;
INSERT INTO `faq` (`uid`, `question`, `answer`, `image_url`, `faq_category_uid`) VALUES
	(1, '주문 내역을 변경할 수 있나요?', '<p>결제 완료된 주문 건은 직접 변경이 불가능합니다.</p><p>변경을 원하실 경우 1:1 문의게시판을 이용하시거나, 고객센터로 연락 바랍니다.</p>', NULL, 1),
	(2, '결제수단을 변경할 수 있나요?', '<p>죄송하지만, 결제 완료된 주문 건은 변경이 불가능합니다.</p><p>주문 취소 후, 재주문 부탁드립니다.</p>', NULL, 1),
	(3, '배송 가능 지역 및 배송비를 알고 싶어요', '<p>전국 모든 지역 배송이 가능하며, 배송비는 지역 구분 없이 3,000원 입니다. (20만원 이상 결제 시 무료배송)</p><p>위 내용은 우체국 사정에 따라 변동 될 수 있습니다.</p>', NULL, 1),
	(4, '배송지 변경이 가능한가요?', '<p>발송 전 주문 건에 한하여 배송지 변경이 가능합니다.</p><p>변경을 원하시는 경우, 1:1 문의 게시판을 이용하시거나, 고객센터로 연락 바랍니다.</p>', NULL, 1),
	(5, '해외배송이 가능한가요?', '<p>현재 레오폴드는 해외배송을 지원하지 않습니다.</p>', NULL, 1),
	(6, '퀵서비스로 주문 할 수 있나요?', '<p>영업시간 내 수도권 지역에 한하여 착불로 발송 가능하며, 지역별 배송비가 차등 적용됩니다.</p><p>퀵서비스 배송을 원하시는 고객님께서는 고객센터로 연락 바랍니다.</p>', NULL, 1),
	(7, '방문수령이 가능한가요?', '<p>영업시간 내 고객센터로 방문하여 수령 가능합니다.</p><p>반드시 방문 5분 전 고객센터로 연락 바랍니다.</p>', NULL, 1),
	(8, '신용카드 영수중, 거래명세서 등 거래증빙서류는 어디에서 확인할 수 있나요?', '<p>견적서는 장바구니 페이지에서 출력이 가능하며,</p><p>신용카드 매출전표 및 거래명세서는 주문완료 페이지에서 출력하실 수 있습니다.</p>', NULL, 1),
	(9, '제품을 잘못 구매했어요', '<p>주문 실수로 인한 교환은 단순 변심에 해당합니다.</p>', NULL, 2),
	(10, '교환/환불은 어떻게 하나요?', '<p>교환 및 반품 주소</p><p>- 경기도 고양시 일산동구 하늘마을로 158, 대방트리플라온 B동 306호</p><p><br /></p><p>교환 및 반품이 가능한 경우</p><p>- 제품에 이상이 있는 경우 수령일로부터 7일 이내 반품 및 환불이 가능합니다.</p><p>- 공급받으신 상품이 표시, 광고 내용과 다른 경우 수령일로부터 7일 이내 반품 및 환불이 가능합니다.</p>', NULL, 2),
	(11, '주문 취소했는데 신용카드 결제 취소는 언제 되나요?', '<p>카드 승인 취소 처리는 카드사 사정에 따라 영업일 기준 3~7일 소요될 수 있습니다.</p><p>자세한 내용은 해당 카드사에 문의 바랍니다.</p>', NULL, 2),
	(12, 'A/S 글 작성 후 댓글은 어디서 확인하나요?', '<p>마이페이지의 좌측 메뉴 중 [접수/문의 내역] 에서 조회 가능합니다.</p><p>아래 이미지 참고 부탁드립니다.</p>', 'https://leopold.co.kr/web/upload/NNEditor/20240612/20240612_114819_791.jpg', 3),
	(13, 'A/S 접수는 어떻게 하나요?', '<p>홈페이지 메인 홈 하단의 [A/S 접수]또는 고객지원 내  [A/S 접수]를 통하여 접수 가능합니다.</p>', NULL, 3),
	(14, '부품 및 구성품을 구매하고 싶어요.', '<p>아래 주문 가능한 품목을 확인하신 뒤 1:1 문의를 통하여 접수해 주시기 바랍니다.</p>', 'https://leopold.co.kr/web/upload/NNEditor/20231023/EBB680ED928820EAB080EAB2A9ED919C.jpg', 3),
	(15, '키보드에 물을 엎질렀어요', '<p>키보드를 분해하지 마시고 2~3일 건조 후 홈페이지 A/S 접수해 주시기 바랍니다.</p><p>침수의 경우 고객 과실로 분류되며, 무상 보증 기간 이내 이더라도 비용이 발생 될 수 있습니다.</p>', NULL, 3),
	(16, 'A/S 처리기간을 알고 싶어요.', '<p>입고일 기준 평균 1~2주 정도 소요되며, 키보드 상태 및 입고량에 따라 기간이 연장될 수 있습니다.</p>', NULL, 3),
	(17, '한/영키가 작동하지 않아요.', '<p>링크 내 첨부파일(레지스트리)을 설치 및 실행 후 PC를 재부팅 해주시면 한/영 전환 사용이 가능 합니다.</p>', NULL, 3),
	(18, 'PS2 단자가 인식되지 않아요.', '<p>[Win+R] →  [regedit] 검색 → [HKEY_LOCAL_MACHINE] → [SYSTEM] → [CurrentControlSet] → [Services] → [i8042prt]</p>', 'https://leopold.co.kr/web/upload/NNEditor/20240219/20240219_100051_185.jpg', 3),
	(19, '대량 구매를 하고 싶어요.', '<p>대량구매를 원하시는 경우  webmaster@leopold.co.kr 메일로 접수해 주시기 바랍니다.</p><p>메일로 접수 후 고객센터로 연락 주시면 더욱 빠른 처리가 가능합니다.</p>', NULL, 4);

-- 테이블 leopold.faq_category 구조 내보내기
DROP TABLE IF EXISTS `faq_category`;
CREATE TABLE IF NOT EXISTS `faq_category` (
  `uid` int(11) NOT NULL AUTO_INCREMENT,
  `name` varchar(255) NOT NULL,
  PRIMARY KEY (`uid`)
) ENGINE=InnoDB AUTO_INCREMENT=5 DEFAULT CHARSET=utf8mb4 COLLATE=utf8mb4_general_ci;

-- 테이블 데이터 leopold.faq_category:~4 rows (대략적) 내보내기
DELETE FROM `faq_category`;
INSERT INTO `faq_category` (`uid`, `name`) VALUES
	(1, '주문/결제/배송'),
	(2, '취소/교환/반품'),
	(3, '상품/기술지원'),
	(4, '기타');

-- 테이블 leopold.interest 구조 내보내기
DROP TABLE IF EXISTS `interest`;
CREATE TABLE IF NOT EXISTS `interest` (
  `uid` int(11) NOT NULL AUTO_INCREMENT,
  `date` timestamp NOT NULL DEFAULT current_timestamp(),
  `user_uid` int(11) NOT NULL,
  `product_uid` int(11) NOT NULL,
  PRIMARY KEY (`uid`),
  KEY `user_uid` (`user_uid`),
  KEY `product_uid` (`product_uid`),
  CONSTRAINT `interest_ibfk_1` FOREIGN KEY (`user_uid`) REFERENCES `user` (`uid`) ON DELETE CASCADE ON UPDATE CASCADE,
  CONSTRAINT `interest_ibfk_2` FOREIGN KEY (`product_uid`) REFERENCES `product` (`uid`) ON DELETE CASCADE ON UPDATE CASCADE
) ENGINE=InnoDB DEFAULT CHARSET=utf8mb4 COLLATE=utf8mb4_general_ci;

-- 테이블 데이터 leopold.interest:~0 rows (대략적) 내보내기
DELETE FROM `interest`;

-- 테이블 leopold.notice 구조 내보내기
DROP TABLE IF EXISTS `notice`;
CREATE TABLE IF NOT EXISTS `notice` (
  `uid` int(11) NOT NULL AUTO_INCREMENT,
  `title` varchar(255) NOT NULL,
  `content` longtext NOT NULL,
  `write_date` timestamp NOT NULL DEFAULT current_timestamp(),
  `hit` int(11) NOT NULL DEFAULT 0,
  `image_url` varchar(255) DEFAULT NULL,
  `user_uid` int(11) NOT NULL,
  PRIMARY KEY (`uid`),
  KEY `user_uid` (`user_uid`),
  CONSTRAINT `notice_ibfk_1` FOREIGN KEY (`user_uid`) REFERENCES `user` (`uid`) ON DELETE CASCADE ON UPDATE CASCADE
) ENGINE=InnoDB AUTO_INCREMENT=13 DEFAULT CHARSET=utf8mb4 COLLATE=utf8mb4_general_ci;

-- 테이블 데이터 leopold.notice:~12 rows (대략적) 내보내기
DELETE FROM `notice`;
INSERT INTO `notice` (`uid`, `title`, `content`, `write_date`, `hit`, `image_url`, `user_uid`) VALUES
	(1, '레오폴드 홈페이지 리뉴얼 오픈 안내', '<p>안녕하세요. 레오폴드입니다.</p><p><br /></p><p>레오폴드의 홈페이지가 새로운 모습으로 단장했습니다.</p><p>고객 만족도 향상을 위해 더욱 노력하는 레오폴드가 되겠습니다.</p>', '2024-09-19 13:00:12', 0, NULL, 1),
	(2, '리얼포스 R3 재입고', '<p>입고 모델은 아래와 같습니다.</p><p>-R3 BT 블랙 저소음APC 영문 30g 균등</p><p>-R3TL BT 블랙 저소음APC 영문 30g 균등</p><p><br /></p><p>입고 수량이 많지 않은 점, 양해 부탁드립니다.</p>', '2024-09-19 13:01:13', 0, NULL, 1),
	(3, '추석 연휴 휴무 안내', '<p>안녕하세요. 레오폴드입니다.</p><p><br /></p><p>2023년 한가위를 맞이하여 추석 연휴 고객센터 휴무 안내 드립니다.</p><p>아래 일정 확인 부탁 드립니다.</p><p><br /></p><p>[휴무 일정]</p><p>2023년 09/27 (수) 오후 2:30 ~ 10/3 (화)</p>', '2024-09-19 13:03:00', 0, NULL, 1),
	(4, '레오폴드 신제품 출시 이벤트', '<p></p>', '2024-09-19 13:03:34', 0, 'https://leopold.co.kr/web/upload/NNEditor/20231113/EAB3B5ECA7804.jpg', 1),
	(5, '11월 신용카드 무이자 할부 안내', '<p></p>', '2024-09-19 13:04:27', 0, 'https://leopold.co.kr/web/upload/NNEditor/20231120/cardEvent.jpg', 1),
	(6, '리뷰 이벤트 당첨자 안내', '<p>MX2A 리뷰어로 선정되신 모든 분들, 당첨을 축하드립니다</p>', '2024-09-19 13:05:34', 0, 'https://leopold.co.kr/web/upload/NNEditor/20231128/copy-1701149099-ECA09CEBAAA9EC9D84-EC9E85EBA0A5ED95B4ECA3BCEC84B8EC9A94_-001.jpg', 1),
	(7, 'MX2A 코랄 블루 발송 지연 안내', '<p>안녕하세요. 레오폴드입니다.</p><p><br /></p><p>MX2A 코랄 블루 제품의 배송이</p><p>현재 운송사 사정으로 인하여 지연되었습니다.</p><p>기다리게 해드려 죄송합니다.</p>', '2024-09-19 13:07:06', 0, NULL, 1),
	(8, '12월 신용카드 무이자 할부 안내', '<p></p>', '2024-09-19 13:07:31', 0, 'https://leopold.co.kr/web/upload/NNEditor/20231211/cardEvent2028129.jpg', 1),
	(9, 'MX2A 키보드 신제품 출시 안내', '<p></p>', '2024-09-19 13:08:36', 0, 'https://leopold.co.kr/web/upload/NNEditor/20240305/MX2A20EC8BA0ECA09CED928820ECB69CEC8B9C.jpg', 1),
	(10, '키보드 러그 신제품 출시 기념 포토리뷰 이벤트', '<p></p>', '2024-09-19 13:09:15', 0, 'https://leopold.co.kr/web/upload/NNEditor/20240523/copy-1716439354-ED82A4EBB3B4EB939C20EB9FACEAB7B820EC9DB4EBB2A4ED8AB820EAB3B5ECA780EC82ACED95AD_ECB59CECA285.jpg', 1),
	(11, 'FC730MBT MX2A 코랄 블루 신제품 출시', '<p></p>', '2024-09-19 13:09:50', 0, 'https://leopold.co.kr/web/upload/NNEditor/20240711/73020MX2A20EC8BA0EAB79CECB69CEC8B9C20EAB3B5ECA780.jpg', 1),
	(12, '프리미엄 알파셀 장패드 신규 출시', '<p>프리미엄 알파셀 장패드가 신규 출시 되었습니다.</p>', '2024-09-19 13:10:26', 0, 'https://leopold.co.kr/web/upload/NNEditor/20240829/EC958CED8C8CEC858020EAB3B5ECA780.jpg', 1);

-- 테이블 leopold.one2one 구조 내보내기
DROP TABLE IF EXISTS `one2one`;
CREATE TABLE IF NOT EXISTS `one2one` (
  `uid` int(11) NOT NULL AUTO_INCREMENT,
  `title` varchar(255) NOT NULL,
  `content` longtext DEFAULT NULL,
  `write_date` timestamp NOT NULL DEFAULT current_timestamp(),
  `delete_yn` char(1) NOT NULL DEFAULT 'n',
  `delete_date` timestamp NULL DEFAULT NULL,
  `answer_yn` char(1) NOT NULL DEFAULT 'n',
  `answer_date` timestamp NULL DEFAULT NULL,
  `answer` longtext DEFAULT NULL,
  `email` varchar(255) NOT NULL,
  `user_uid` int(11) DEFAULT NULL,
  PRIMARY KEY (`uid`),
  KEY `user_uid` (`user_uid`),
  CONSTRAINT `one2one_ibfk_1` FOREIGN KEY (`user_uid`) REFERENCES `user` (`uid`) ON DELETE SET NULL ON UPDATE CASCADE
) ENGINE=InnoDB AUTO_INCREMENT=11 DEFAULT CHARSET=utf8mb4 COLLATE=utf8mb4_general_ci;

-- 테이블 데이터 leopold.one2one:~9 rows (대략적) 내보내기
DELETE FROM `one2one`;
INSERT INTO `one2one` (`uid`, `title`, `content`, `write_date`, `delete_yn`, `delete_date`, `answer_yn`, `answer_date`, `answer`, `email`, `user_uid`) VALUES
	(1, '레오폴드 제품 중에 2.4 GHz 제품이 있나요?', '<p>블루투스나 유선 연결 제품 말고 2.4 GHz 연결 제품이 있나요?</p>', '2024-09-19 14:22:14', 'n', NULL, 'y', '2024-09-20 04:18:29', '<p>안녕하세요 레오폴드 입니다.</p><p><br /></p><p>현재 판매 중인 제품에서 2.4GHz를 지원하는 제품은 없습니다.</p><br /><p>감사합니다.</p>', 'mosaek2@gmail.com', 2),
	(2, '리니어 5핀으로 변경 가능한가요?', '<p>5핀으로 커스텀이 가능한지 궁금해요..</p>', '2024-09-19 14:28:37', 'n', NULL, 'y', '2024-09-20 04:18:29', '<p>안녕하세요 레오폴드 입니다.</p><p><br /></p><p>문의 주신 제품은 핫스왑 미지원 제품으로 스위치 교체가 불가능합니다.</p><br /><p>감사합니다.</p>', 'hitori@naver.com', 3),
	(3, '무상수리 문의', '<p>물을 쏟은 뒤 키보드 오작동 현상이 발생합니다. 무상수리 가능할까요?</p>', '2024-09-19 14:31:50', 'n', NULL, 'y', '2024-09-20 04:18:28', '<p>안녕하세요 레오폴드 입니다.</p><p><br /></p><p>해당건은 유상 A/S로 진행됩니다.</p><br /><p>번거로우시겠지만 아래 경로로 AS접수 해주시면 담당부서에서 확인하여 처리 드리겠습니다.</p><br /><p>감사합니다.</p>', 'koala@naver.com', 4),
	(4, '키캡 교체해도 되나요?', '<p>키캡 바꿀려고 하는데 바꿔도 되는 제품인가요?</p>', '2024-09-19 14:34:34', 'n', NULL, 'y', '2024-09-20 04:18:27', '<p>안녕하세요 레오폴드 입니다.</p><p><br /></p><p>해당 모델 키캡 교체 가능한 상품입니다.</p><br /><p>감사합니다.</p>', '', 5),
	(5, '갈축 재입고', '<p>갈축 품절인데 재입고 언제 될까요?</p>', '2024-09-19 14:36:55', 'n', NULL, 'y', '2024-09-20 04:18:27', '<p>안녕하세요 레오폴드 입니다.</p><p><br /></p><p>재입고 예정 확인되었으나 일정은 확인이 어렵습니다.</p><br /><p>감사합니다.</p>', '', 6),
	(6, '아이패드에도 연결 가능한가요?', '<p>프로 3세대에 연결 가능할까요?</p>', '2024-09-19 14:38:19', 'n', NULL, 'y', '2024-09-20 04:18:26', '<p>안녕하세요 레오폴드 입니다.</p><p><br /></p><p>윈도우, 맥 호환 가능합니다.</p><br /><p>감사합니다.</p>', '', 4),
	(7, '키캡 재질이 뭔가요?', '<p>키캡 재질이 뭔가요??</p>', '2024-09-19 14:39:48', 'n', NULL, 'y', '2024-09-20 04:18:24', '<p>안녕하세요 레오폴드 입니다.</p><p><br /></p><p>키캡 재질은 상세페이지에 설명되어있습니다.</p><br /><p>감사합니다.</p>', 'mijin@nate.com', 5),
	(8, '키 질문', '<p>한자키와 윈도우키는 어떤키로 사용하나요?</p>', '2024-09-19 14:41:16', 'n', NULL, 'n', NULL, NULL, '', 2),
	(9, '컴퓨터 본체와 연결할 때', '<p>컴퓨터 본체와 키보드 연결 시 usb c 타입 말고 연결하는 어댑터도 따로 있나요?</p>', '2024-09-19 14:42:14', 'n', NULL, 'n', NULL, NULL, '', 6);

-- 테이블 leopold.order 구조 내보내기
DROP TABLE IF EXISTS `order`;
CREATE TABLE IF NOT EXISTS `order` (
  `uid` int(11) NOT NULL AUTO_INCREMENT,
  `date` timestamp NOT NULL DEFAULT current_timestamp(),
  `receiver` varchar(255) NOT NULL,
  `receive_method` varchar(255) NOT NULL,
  `zipcode` varchar(255) NOT NULL,
  `address` varchar(255) NOT NULL,
  `address_detail` varchar(255) DEFAULT NULL,
  `phone` varchar(255) NOT NULL,
  `email` varchar(255) NOT NULL,
  `message` varchar(255) DEFAULT NULL,
  `deliver_price` int(11) NOT NULL,
  `status` varchar(255) NOT NULL,
  `final_price` int(11) NOT NULL,
  `payment_method` varchar(255) NOT NULL,
  `account` varchar(255) DEFAULT NULL,
  `holder` varchar(255) DEFAULT NULL,
  `point` int(11) DEFAULT NULL,
  `user_uid` int(11) DEFAULT NULL,
  PRIMARY KEY (`uid`)
) ENGINE=InnoDB AUTO_INCREMENT=44 DEFAULT CHARSET=utf8mb4 COLLATE=utf8mb4_general_ci;

-- 테이블 데이터 leopold.order:~0 rows (대략적) 내보내기
DELETE FROM `order`;

-- 테이블 leopold.product 구조 내보내기
DROP TABLE IF EXISTS `product`;
CREATE TABLE IF NOT EXISTS `product` (
  `uid` int(11) NOT NULL AUTO_INCREMENT,
  `cover_url` varchar(255) NOT NULL,
  `detail_url` varchar(255) NOT NULL,
  `date` timestamp NOT NULL DEFAULT current_timestamp(),
  `price` int(11) NOT NULL,
  `discount_rate` double NOT NULL DEFAULT 0,
  `sold_out_yn` char(1) NOT NULL DEFAULT 'n',
  `display_yn` char(1) NOT NULL DEFAULT 'n',
  `stock` int(11) NOT NULL,
  `color` varchar(255) NOT NULL,
  `engraving` varchar(255) NOT NULL,
  `switch` varchar(255) NOT NULL,
  `category_uid` int(11) DEFAULT NULL,
  PRIMARY KEY (`uid`),
  KEY `category_uid` (`category_uid`),
  CONSTRAINT `product_ibfk_1` FOREIGN KEY (`category_uid`) REFERENCES `product_category` (`uid`) ON DELETE SET NULL ON UPDATE CASCADE
) ENGINE=InnoDB AUTO_INCREMENT=575 DEFAULT CHARSET=utf8mb4 COLLATE=utf8mb4_general_ci;

-- 테이블 데이터 leopold.product:~574 rows (대략적) 내보내기
DELETE FROM `product`;
INSERT INTO `product` (`uid`, `cover_url`, `detail_url`, `date`, `price`, `discount_rate`, `sold_out_yn`, `display_yn`, `stock`, `color`, `engraving`, `switch`, `category_uid`) VALUES
	(1, 'https://leopold.co.kr/web/product/big/202308/d74722e404901c3aafe8d7789981ed1c.jpg', 'https://leopold.co.kr/web/upload/NNEditor/20230829/FC650MDSBT20_20ECB59CECA285EBB3B8.jpg', '2024-09-18 06:48:40', 127000, 0, 'n', 'n', 100, '그레이 블루', '한글', '갈축', 17),
	(2, 'https://leopold.co.kr/web/product/big/202308/d74722e404901c3aafe8d7789981ed1c.jpg', 'https://leopold.co.kr/web/upload/NNEditor/20230829/FC650MDSBT20_20ECB59CECA285EBB3B8.jpg', '2024-09-18 06:48:40', 127000, 0, 'n', 'n', 100, '그레이 블루', '한글', '청축', 17),
	(3, 'https://leopold.co.kr/web/product/big/202308/d74722e404901c3aafe8d7789981ed1c.jpg', 'https://leopold.co.kr/web/upload/NNEditor/20230829/FC650MDSBT20_20ECB59CECA285EBB3B8.jpg', '2024-09-18 06:48:40', 127000, 0, 'n', 'n', 100, '그레이 블루', '한글', '적축', 17),
	(4, 'https://leopold.co.kr/web/product/big/202308/d74722e404901c3aafe8d7789981ed1c.jpg', 'https://leopold.co.kr/web/upload/NNEditor/20230829/FC650MDSBT20_20ECB59CECA285EBB3B8.jpg', '2024-09-18 06:48:40', 127000, 0, 'n', 'n', 100, '그레이 블루', '한글', '흑축', 17),
	(5, 'https://leopold.co.kr/web/product/big/202308/d74722e404901c3aafe8d7789981ed1c.jpg', 'https://leopold.co.kr/web/upload/NNEditor/20230829/FC650MDSBT20_20ECB59CECA285EBB3B8.jpg', '2024-09-18 06:48:40', 127000, 0, 'n', 'n', 100, '그레이 블루', '한글', '저소음 적축', 17),
	(6, 'https://leopold.co.kr/web/product/big/202308/d74722e404901c3aafe8d7789981ed1c.jpg', 'https://leopold.co.kr/web/upload/NNEditor/20230829/FC650MDSBT20_20ECB59CECA285EBB3B8.jpg', '2024-09-18 06:48:40', 127000, 0, 'n', 'n', 100, '그레이 블루', '한글', '백축', 17),
	(7, 'https://leopold.co.kr/web/product/big/202308/d74722e404901c3aafe8d7789981ed1c.jpg', 'https://leopold.co.kr/web/upload/NNEditor/20230829/FC650MDSBT20_20ECB59CECA285EBB3B8.jpg', '2024-09-18 06:48:40', 127000, 0, 'n', 'n', 100, '그레이 블루', '한글', '은축', 17),
	(8, 'https://leopold.co.kr/web/product/big/202308/d74722e404901c3aafe8d7789981ed1c.jpg', 'https://leopold.co.kr/web/upload/NNEditor/20230829/FC650MDSBT20_20ECB59CECA285EBB3B8.jpg', '2024-09-18 06:48:40', 127000, 0, 'n', 'n', 100, '그레이 블루', '영문', '갈축', 17),
	(9, 'https://leopold.co.kr/web/product/big/202308/d74722e404901c3aafe8d7789981ed1c.jpg', 'https://leopold.co.kr/web/upload/NNEditor/20230829/FC650MDSBT20_20ECB59CECA285EBB3B8.jpg', '2024-09-18 06:48:40', 127000, 0, 'n', 'n', 100, '그레이 블루', '영문', '청축', 17),
	(10, 'https://leopold.co.kr/web/product/big/202308/d74722e404901c3aafe8d7789981ed1c.jpg', 'https://leopold.co.kr/web/upload/NNEditor/20230829/FC650MDSBT20_20ECB59CECA285EBB3B8.jpg', '2024-09-18 06:48:40', 127000, 0, 'n', 'n', 100, '그레이 블루', '영문', '적축', 17),
	(11, 'https://leopold.co.kr/web/product/big/202308/d74722e404901c3aafe8d7789981ed1c.jpg', 'https://leopold.co.kr/web/upload/NNEditor/20230829/FC650MDSBT20_20ECB59CECA285EBB3B8.jpg', '2024-09-18 06:48:40', 127000, 0, 'n', 'n', 100, '그레이 블루', '영문', '흑축', 17),
	(12, 'https://leopold.co.kr/web/product/big/202308/d74722e404901c3aafe8d7789981ed1c.jpg', 'https://leopold.co.kr/web/upload/NNEditor/20230829/FC650MDSBT20_20ECB59CECA285EBB3B8.jpg', '2024-09-18 06:48:40', 127000, 0, 'n', 'n', 100, '그레이 블루', '영문', '저소음 적축', 17),
	(13, 'https://leopold.co.kr/web/product/big/202308/d74722e404901c3aafe8d7789981ed1c.jpg', 'https://leopold.co.kr/web/upload/NNEditor/20230829/FC650MDSBT20_20ECB59CECA285EBB3B8.jpg', '2024-09-18 06:48:40', 127000, 0, 'n', 'n', 100, '그레이 블루', '영문', '백축', 17),
	(14, 'https://leopold.co.kr/web/product/big/202308/d74722e404901c3aafe8d7789981ed1c.jpg', 'https://leopold.co.kr/web/upload/NNEditor/20230829/FC650MDSBT20_20ECB59CECA285EBB3B8.jpg', '2024-09-18 06:48:40', 127000, 0, 'n', 'n', 100, '그레이 블루', '영문', '은축', 17),
	(15, 'https://leopold.co.kr/web/product/big/202308/ed449c0104fd026a286428ccdef6aed8.jpg', 'https://leopold.co.kr/web/upload/NNEditor/20230829/White20Two20tone20FC980MBT20DB.jpg', '2024-09-18 16:08:37', 127000, 0, 'n', 'n', 100, '화이트 투톤', '한글', '갈축', 16),
	(16, 'https://leopold.co.kr/web/product/big/202308/ed449c0104fd026a286428ccdef6aed8.jpg', 'https://leopold.co.kr/web/upload/NNEditor/20230829/White20Two20tone20FC980MBT20DB.jpg', '2024-09-18 16:08:37', 127000, 0, 'n', 'n', 100, '화이트 투톤', '한글', '청축', 16),
	(17, 'https://leopold.co.kr/web/product/big/202308/ed449c0104fd026a286428ccdef6aed8.jpg', 'https://leopold.co.kr/web/upload/NNEditor/20230829/White20Two20tone20FC980MBT20DB.jpg', '2024-09-18 16:08:37', 127000, 0, 'n', 'n', 100, '화이트 투톤', '한글', '적축', 16),
	(18, 'https://leopold.co.kr/web/product/big/202308/ed449c0104fd026a286428ccdef6aed8.jpg', 'https://leopold.co.kr/web/upload/NNEditor/20230829/White20Two20tone20FC980MBT20DB.jpg', '2024-09-18 16:08:37', 127000, 0, 'n', 'n', 100, '화이트 투톤', '한글', '흑축', 16),
	(19, 'https://leopold.co.kr/web/product/big/202308/ed449c0104fd026a286428ccdef6aed8.jpg', 'https://leopold.co.kr/web/upload/NNEditor/20230829/White20Two20tone20FC980MBT20DB.jpg', '2024-09-18 16:08:37', 127000, 0, 'n', 'n', 100, '화이트 투톤', '한글', '저소음 적축', 16),
	(20, 'https://leopold.co.kr/web/product/big/202308/ed449c0104fd026a286428ccdef6aed8.jpg', 'https://leopold.co.kr/web/upload/NNEditor/20230829/White20Two20tone20FC980MBT20DB.jpg', '2024-09-18 16:08:37', 127000, 0, 'n', 'n', 100, '화이트 투톤', '한글', '백축', 16),
	(21, 'https://leopold.co.kr/web/product/big/202308/ed449c0104fd026a286428ccdef6aed8.jpg', 'https://leopold.co.kr/web/upload/NNEditor/20230829/White20Two20tone20FC980MBT20DB.jpg', '2024-09-18 16:08:37', 127000, 0, 'n', 'n', 100, '화이트 투톤', '한글', '은축', 16),
	(22, 'https://leopold.co.kr/web/product/big/202308/ed449c0104fd026a286428ccdef6aed8.jpg', 'https://leopold.co.kr/web/upload/NNEditor/20230829/White20Two20tone20FC980MBT20DB.jpg', '2024-09-18 16:08:37', 127000, 0, 'n', 'n', 100, '화이트 투톤', '영문', '갈축', 16),
	(23, 'https://leopold.co.kr/web/product/big/202308/ed449c0104fd026a286428ccdef6aed8.jpg', 'https://leopold.co.kr/web/upload/NNEditor/20230829/White20Two20tone20FC980MBT20DB.jpg', '2024-09-18 16:08:37', 127000, 0, 'n', 'n', 100, '화이트 투톤', '영문', '청축', 16),
	(24, 'https://leopold.co.kr/web/product/big/202308/ed449c0104fd026a286428ccdef6aed8.jpg', 'https://leopold.co.kr/web/upload/NNEditor/20230829/White20Two20tone20FC980MBT20DB.jpg', '2024-09-18 16:08:37', 127000, 0, 'n', 'n', 100, '화이트 투톤', '영문', '적축', 16),
	(25, 'https://leopold.co.kr/web/product/big/202308/ed449c0104fd026a286428ccdef6aed8.jpg', 'https://leopold.co.kr/web/upload/NNEditor/20230829/White20Two20tone20FC980MBT20DB.jpg', '2024-09-18 16:08:37', 127000, 0, 'n', 'n', 100, '화이트 투톤', '영문', '흑축', 16),
	(26, 'https://leopold.co.kr/web/product/big/202308/ed449c0104fd026a286428ccdef6aed8.jpg', 'https://leopold.co.kr/web/upload/NNEditor/20230829/White20Two20tone20FC980MBT20DB.jpg', '2024-09-18 16:08:37', 127000, 0, 'n', 'n', 100, '화이트 투톤', '영문', '저소음 적축', 16),
	(27, 'https://leopold.co.kr/web/product/big/202308/ed449c0104fd026a286428ccdef6aed8.jpg', 'https://leopold.co.kr/web/upload/NNEditor/20230829/White20Two20tone20FC980MBT20DB.jpg', '2024-09-18 16:08:37', 127000, 0, 'n', 'n', 100, '화이트 투톤', '영문', '백축', 16),
	(28, 'https://leopold.co.kr/web/product/big/202308/ed449c0104fd026a286428ccdef6aed8.jpg', 'https://leopold.co.kr/web/upload/NNEditor/20230829/White20Two20tone20FC980MBT20DB.jpg', '2024-09-18 16:08:37', 127000, 0, 'n', 'n', 100, '화이트 투톤', '영문', '은축', 16),
	(29, 'https://leopold.co.kr/web/product/big/202308/b2f133040e8e12e4b340ea54d8248d9e.jpg', 'https://leopold.co.kr/web/upload/NNEditor/20230829/FC980MBT201.jpg', '2024-09-18 16:13:11', 127000, 0, 'n', 'n', 100, '화이트 블루스타', '한글', '갈축', 16),
	(30, 'https://leopold.co.kr/web/product/big/202308/b2f133040e8e12e4b340ea54d8248d9e.jpg', 'https://leopold.co.kr/web/upload/NNEditor/20230829/FC980MBT201.jpg', '2024-09-18 16:13:11', 127000, 0, 'n', 'n', 100, '화이트 블루스타', '한글', '청축', 16),
	(31, 'https://leopold.co.kr/web/product/big/202308/b2f133040e8e12e4b340ea54d8248d9e.jpg', 'https://leopold.co.kr/web/upload/NNEditor/20230829/FC980MBT201.jpg', '2024-09-18 16:13:11', 127000, 0, 'n', 'n', 100, '화이트 블루스타', '한글', '적축', 16),
	(32, 'https://leopold.co.kr/web/product/big/202308/b2f133040e8e12e4b340ea54d8248d9e.jpg', 'https://leopold.co.kr/web/upload/NNEditor/20230829/FC980MBT201.jpg', '2024-09-18 16:13:11', 127000, 0, 'n', 'n', 100, '화이트 블루스타', '한글', '흑축', 16),
	(33, 'https://leopold.co.kr/web/product/big/202308/b2f133040e8e12e4b340ea54d8248d9e.jpg', 'https://leopold.co.kr/web/upload/NNEditor/20230829/FC980MBT201.jpg', '2024-09-18 16:13:11', 127000, 0, 'n', 'n', 100, '화이트 블루스타', '한글', '저소음 적축', 16),
	(34, 'https://leopold.co.kr/web/product/big/202308/b2f133040e8e12e4b340ea54d8248d9e.jpg', 'https://leopold.co.kr/web/upload/NNEditor/20230829/FC980MBT201.jpg', '2024-09-18 16:13:11', 127000, 0, 'n', 'n', 100, '화이트 블루스타', '한글', '백축', 16),
	(35, 'https://leopold.co.kr/web/product/big/202308/b2f133040e8e12e4b340ea54d8248d9e.jpg', 'https://leopold.co.kr/web/upload/NNEditor/20230829/FC980MBT201.jpg', '2024-09-18 16:13:11', 127000, 0, 'n', 'n', 100, '화이트 블루스타', '한글', '은축', 16),
	(36, 'https://leopold.co.kr/web/product/big/202308/b2f133040e8e12e4b340ea54d8248d9e.jpg', 'https://leopold.co.kr/web/upload/NNEditor/20230829/FC980MBT201.jpg', '2024-09-18 16:13:11', 127000, 0, 'n', 'n', 100, '화이트 블루스타', '영문', '갈축', 16),
	(37, 'https://leopold.co.kr/web/product/big/202308/b2f133040e8e12e4b340ea54d8248d9e.jpg', 'https://leopold.co.kr/web/upload/NNEditor/20230829/FC980MBT201.jpg', '2024-09-18 16:13:11', 127000, 0, 'n', 'n', 100, '화이트 블루스타', '영문', '청축', 16),
	(38, 'https://leopold.co.kr/web/product/big/202308/b2f133040e8e12e4b340ea54d8248d9e.jpg', 'https://leopold.co.kr/web/upload/NNEditor/20230829/FC980MBT201.jpg', '2024-09-18 16:13:11', 127000, 0, 'n', 'n', 100, '화이트 블루스타', '영문', '적축', 16),
	(39, 'https://leopold.co.kr/web/product/big/202308/b2f133040e8e12e4b340ea54d8248d9e.jpg', 'https://leopold.co.kr/web/upload/NNEditor/20230829/FC980MBT201.jpg', '2024-09-18 16:13:11', 127000, 0, 'n', 'n', 100, '화이트 블루스타', '영문', '흑축', 16),
	(40, 'https://leopold.co.kr/web/product/big/202308/b2f133040e8e12e4b340ea54d8248d9e.jpg', 'https://leopold.co.kr/web/upload/NNEditor/20230829/FC980MBT201.jpg', '2024-09-18 16:13:11', 127000, 0, 'n', 'n', 100, '화이트 블루스타', '영문', '저소음 적축', 16),
	(41, 'https://leopold.co.kr/web/product/big/202308/b2f133040e8e12e4b340ea54d8248d9e.jpg', 'https://leopold.co.kr/web/upload/NNEditor/20230829/FC980MBT201.jpg', '2024-09-18 16:13:11', 127000, 0, 'n', 'n', 100, '화이트 블루스타', '영문', '백축', 16),
	(42, 'https://leopold.co.kr/web/product/big/202308/b2f133040e8e12e4b340ea54d8248d9e.jpg', 'https://leopold.co.kr/web/upload/NNEditor/20230829/FC980MBT201.jpg', '2024-09-18 16:13:11', 127000, 0, 'n', 'n', 100, '화이트 블루스타', '영문', '은축', 16),
	(43, 'https://leopold.co.kr/web/product/big/202308/4815b58a325c11ee572c6d89ab2aa97c.jpg', 'https://leopold.co.kr/web/upload/NNEditor/20230829/FC660MBT_White2Tone20DB.jpg', '2024-09-18 16:38:06', 127000, 0, 'n', 'n', 100, '화이트 투톤', '한글', '갈축', 15),
	(44, 'https://leopold.co.kr/web/product/big/202308/4815b58a325c11ee572c6d89ab2aa97c.jpg', 'https://leopold.co.kr/web/upload/NNEditor/20230829/FC660MBT_White2Tone20DB.jpg', '2024-09-18 16:38:06', 127000, 0, 'n', 'n', 100, '화이트 투톤', '한글', '청축', 15),
	(45, 'https://leopold.co.kr/web/product/big/202308/4815b58a325c11ee572c6d89ab2aa97c.jpg', 'https://leopold.co.kr/web/upload/NNEditor/20230829/FC660MBT_White2Tone20DB.jpg', '2024-09-18 16:38:06', 127000, 0, 'n', 'n', 100, '화이트 투톤', '한글', '적축', 15),
	(46, 'https://leopold.co.kr/web/product/big/202308/4815b58a325c11ee572c6d89ab2aa97c.jpg', 'https://leopold.co.kr/web/upload/NNEditor/20230829/FC660MBT_White2Tone20DB.jpg', '2024-09-18 16:38:06', 127000, 0, 'n', 'n', 100, '화이트 투톤', '한글', '흑축', 15),
	(47, 'https://leopold.co.kr/web/product/big/202308/4815b58a325c11ee572c6d89ab2aa97c.jpg', 'https://leopold.co.kr/web/upload/NNEditor/20230829/FC660MBT_White2Tone20DB.jpg', '2024-09-18 16:38:06', 127000, 0, 'n', 'n', 100, '화이트 투톤', '한글', '저소음 적축', 15),
	(48, 'https://leopold.co.kr/web/product/big/202308/4815b58a325c11ee572c6d89ab2aa97c.jpg', 'https://leopold.co.kr/web/upload/NNEditor/20230829/FC660MBT_White2Tone20DB.jpg', '2024-09-18 16:38:06', 127000, 0, 'n', 'n', 100, '화이트 투톤', '한글', '백축', 15),
	(49, 'https://leopold.co.kr/web/product/big/202308/4815b58a325c11ee572c6d89ab2aa97c.jpg', 'https://leopold.co.kr/web/upload/NNEditor/20230829/FC660MBT_White2Tone20DB.jpg', '2024-09-18 16:38:06', 127000, 0, 'n', 'n', 100, '화이트 투톤', '한글', '은축', 15),
	(50, 'https://leopold.co.kr/web/product/big/202308/4815b58a325c11ee572c6d89ab2aa97c.jpg', 'https://leopold.co.kr/web/upload/NNEditor/20230829/FC660MBT_White2Tone20DB.jpg', '2024-09-18 16:38:06', 127000, 0, 'n', 'n', 100, '화이트 투톤', '영문', '갈축', 15),
	(51, 'https://leopold.co.kr/web/product/big/202308/4815b58a325c11ee572c6d89ab2aa97c.jpg', 'https://leopold.co.kr/web/upload/NNEditor/20230829/FC660MBT_White2Tone20DB.jpg', '2024-09-18 16:38:06', 127000, 0, 'n', 'n', 100, '화이트 투톤', '영문', '청축', 15),
	(52, 'https://leopold.co.kr/web/product/big/202308/4815b58a325c11ee572c6d89ab2aa97c.jpg', 'https://leopold.co.kr/web/upload/NNEditor/20230829/FC660MBT_White2Tone20DB.jpg', '2024-09-18 16:38:06', 127000, 0, 'n', 'n', 100, '화이트 투톤', '영문', '적축', 15),
	(53, 'https://leopold.co.kr/web/product/big/202308/4815b58a325c11ee572c6d89ab2aa97c.jpg', 'https://leopold.co.kr/web/upload/NNEditor/20230829/FC660MBT_White2Tone20DB.jpg', '2024-09-18 16:38:06', 127000, 0, 'n', 'n', 100, '화이트 투톤', '영문', '흑축', 15),
	(54, 'https://leopold.co.kr/web/product/big/202308/4815b58a325c11ee572c6d89ab2aa97c.jpg', 'https://leopold.co.kr/web/upload/NNEditor/20230829/FC660MBT_White2Tone20DB.jpg', '2024-09-18 16:38:06', 127000, 0, 'n', 'n', 100, '화이트 투톤', '영문', '저소음 적축', 15),
	(55, 'https://leopold.co.kr/web/product/big/202308/4815b58a325c11ee572c6d89ab2aa97c.jpg', 'https://leopold.co.kr/web/upload/NNEditor/20230829/FC660MBT_White2Tone20DB.jpg', '2024-09-18 16:38:06', 127000, 0, 'n', 'n', 100, '화이트 투톤', '영문', '백축', 15),
	(56, 'https://leopold.co.kr/web/product/big/202308/4815b58a325c11ee572c6d89ab2aa97c.jpg', 'https://leopold.co.kr/web/upload/NNEditor/20230829/FC660MBT_White2Tone20DB.jpg', '2024-09-18 16:38:06', 127000, 0, 'n', 'n', 100, '화이트 투톤', '영문', '은축', 15),
	(57, 'https://leopold.co.kr/web/product/big/202308/0fdac1802545ea8774bd648218abb4a7.jpg', 'https://leopold.co.kr/web/upload/NNEditor/20230829/FC660MBT_DB_White20Gray.jpg', '2024-09-18 16:38:06', 127000, 0, 'n', 'n', 100, '화이트 그레이', '한글', '갈축', 15),
	(58, 'https://leopold.co.kr/web/product/big/202308/0fdac1802545ea8774bd648218abb4a7.jpg', 'https://leopold.co.kr/web/upload/NNEditor/20230829/FC660MBT_DB_White20Gray.jpg', '2024-09-18 16:38:06', 127000, 0, 'n', 'n', 100, '화이트 그레이', '한글', '청축', 15),
	(59, 'https://leopold.co.kr/web/product/big/202308/0fdac1802545ea8774bd648218abb4a7.jpg', 'https://leopold.co.kr/web/upload/NNEditor/20230829/FC660MBT_DB_White20Gray.jpg', '2024-09-18 16:38:06', 127000, 0, 'n', 'n', 100, '화이트 그레이', '한글', '적축', 15),
	(60, 'https://leopold.co.kr/web/product/big/202308/0fdac1802545ea8774bd648218abb4a7.jpg', 'https://leopold.co.kr/web/upload/NNEditor/20230829/FC660MBT_DB_White20Gray.jpg', '2024-09-18 16:38:06', 127000, 0, 'n', 'n', 100, '화이트 그레이', '한글', '흑축', 15),
	(61, 'https://leopold.co.kr/web/product/big/202308/0fdac1802545ea8774bd648218abb4a7.jpg', 'https://leopold.co.kr/web/upload/NNEditor/20230829/FC660MBT_DB_White20Gray.jpg', '2024-09-18 16:38:06', 127000, 0, 'n', 'n', 100, '화이트 그레이', '한글', '저소음 적축', 15),
	(62, 'https://leopold.co.kr/web/product/big/202308/0fdac1802545ea8774bd648218abb4a7.jpg', 'https://leopold.co.kr/web/upload/NNEditor/20230829/FC660MBT_DB_White20Gray.jpg', '2024-09-18 16:38:06', 127000, 0, 'n', 'n', 100, '화이트 그레이', '한글', '백축', 15),
	(63, 'https://leopold.co.kr/web/product/big/202308/0fdac1802545ea8774bd648218abb4a7.jpg', 'https://leopold.co.kr/web/upload/NNEditor/20230829/FC660MBT_DB_White20Gray.jpg', '2024-09-18 16:38:06', 127000, 0, 'n', 'n', 100, '화이트 그레이', '한글', '은축', 15),
	(64, 'https://leopold.co.kr/web/product/big/202308/0fdac1802545ea8774bd648218abb4a7.jpg', 'https://leopold.co.kr/web/upload/NNEditor/20230829/FC660MBT_DB_White20Gray.jpg', '2024-09-18 16:38:06', 127000, 0, 'n', 'n', 100, '화이트 그레이', '영문', '갈축', 15),
	(65, 'https://leopold.co.kr/web/product/big/202308/0fdac1802545ea8774bd648218abb4a7.jpg', 'https://leopold.co.kr/web/upload/NNEditor/20230829/FC660MBT_DB_White20Gray.jpg', '2024-09-18 16:38:06', 127000, 0, 'n', 'n', 100, '화이트 그레이', '영문', '청축', 15),
	(66, 'https://leopold.co.kr/web/product/big/202308/0fdac1802545ea8774bd648218abb4a7.jpg', 'https://leopold.co.kr/web/upload/NNEditor/20230829/FC660MBT_DB_White20Gray.jpg', '2024-09-18 16:38:06', 127000, 0, 'n', 'n', 100, '화이트 그레이', '영문', '적축', 15),
	(67, 'https://leopold.co.kr/web/product/big/202308/0fdac1802545ea8774bd648218abb4a7.jpg', 'https://leopold.co.kr/web/upload/NNEditor/20230829/FC660MBT_DB_White20Gray.jpg', '2024-09-18 16:38:06', 127000, 0, 'n', 'n', 100, '화이트 그레이', '영문', '흑축', 15),
	(68, 'https://leopold.co.kr/web/product/big/202308/0fdac1802545ea8774bd648218abb4a7.jpg', 'https://leopold.co.kr/web/upload/NNEditor/20230829/FC660MBT_DB_White20Gray.jpg', '2024-09-18 16:38:06', 127000, 0, 'n', 'n', 100, '화이트 그레이', '영문', '저소음 적축', 15),
	(69, 'https://leopold.co.kr/web/product/big/202308/0fdac1802545ea8774bd648218abb4a7.jpg', 'https://leopold.co.kr/web/upload/NNEditor/20230829/FC660MBT_DB_White20Gray.jpg', '2024-09-18 16:38:06', 127000, 0, 'n', 'n', 100, '화이트 그레이', '영문', '백축', 15),
	(70, 'https://leopold.co.kr/web/product/big/202308/0fdac1802545ea8774bd648218abb4a7.jpg', 'https://leopold.co.kr/web/upload/NNEditor/20230829/FC660MBT_DB_White20Gray.jpg', '2024-09-18 16:38:06', 127000, 0, 'n', 'n', 100, '화이트 그레이', '영문', '은축', 15),
	(71, 'https://leopold.co.kr/web/product/big/202308/52fba9f6a4614d686fc0f9759693da44.jpg', 'https://leopold.co.kr/web/upload/NNEditor/20230829/coral-blue_6601.jpg', '2024-09-18 16:38:06', 127000, 0, 'n', 'n', 100, '코랄 블루', '한글', '갈축', 15),
	(72, 'https://leopold.co.kr/web/product/big/202308/52fba9f6a4614d686fc0f9759693da44.jpg', 'https://leopold.co.kr/web/upload/NNEditor/20230829/coral-blue_6601.jpg', '2024-09-18 16:38:06', 127000, 0, 'n', 'n', 100, '코랄 블루', '한글', '청축', 15),
	(73, 'https://leopold.co.kr/web/product/big/202308/52fba9f6a4614d686fc0f9759693da44.jpg', 'https://leopold.co.kr/web/upload/NNEditor/20230829/coral-blue_6601.jpg', '2024-09-18 16:38:06', 127000, 0, 'n', 'n', 100, '코랄 블루', '한글', '적축', 15),
	(74, 'https://leopold.co.kr/web/product/big/202308/52fba9f6a4614d686fc0f9759693da44.jpg', 'https://leopold.co.kr/web/upload/NNEditor/20230829/coral-blue_6601.jpg', '2024-09-18 16:38:06', 127000, 0, 'n', 'n', 100, '코랄 블루', '한글', '흑축', 15),
	(75, 'https://leopold.co.kr/web/product/big/202308/52fba9f6a4614d686fc0f9759693da44.jpg', 'https://leopold.co.kr/web/upload/NNEditor/20230829/coral-blue_6601.jpg', '2024-09-18 16:38:06', 127000, 0, 'n', 'n', 100, '코랄 블루', '한글', '저소음 적축', 15),
	(76, 'https://leopold.co.kr/web/product/big/202308/52fba9f6a4614d686fc0f9759693da44.jpg', 'https://leopold.co.kr/web/upload/NNEditor/20230829/coral-blue_6601.jpg', '2024-09-18 16:38:06', 127000, 0, 'n', 'n', 100, '코랄 블루', '한글', '백축', 15),
	(77, 'https://leopold.co.kr/web/product/big/202308/52fba9f6a4614d686fc0f9759693da44.jpg', 'https://leopold.co.kr/web/upload/NNEditor/20230829/coral-blue_6601.jpg', '2024-09-18 16:38:06', 127000, 0, 'n', 'n', 100, '코랄 블루', '한글', '은축', 15),
	(78, 'https://leopold.co.kr/web/product/big/202308/52fba9f6a4614d686fc0f9759693da44.jpg', 'https://leopold.co.kr/web/upload/NNEditor/20230829/coral-blue_6601.jpg', '2024-09-18 16:38:06', 127000, 0, 'n', 'n', 100, '코랄 블루', '영문', '갈축', 15),
	(79, 'https://leopold.co.kr/web/product/big/202308/52fba9f6a4614d686fc0f9759693da44.jpg', 'https://leopold.co.kr/web/upload/NNEditor/20230829/coral-blue_6601.jpg', '2024-09-18 16:38:06', 127000, 0, 'n', 'n', 100, '코랄 블루', '영문', '청축', 15),
	(80, 'https://leopold.co.kr/web/product/big/202308/52fba9f6a4614d686fc0f9759693da44.jpg', 'https://leopold.co.kr/web/upload/NNEditor/20230829/coral-blue_6601.jpg', '2024-09-18 16:38:06', 127000, 0, 'n', 'n', 100, '코랄 블루', '영문', '적축', 15),
	(81, 'https://leopold.co.kr/web/product/big/202308/52fba9f6a4614d686fc0f9759693da44.jpg', 'https://leopold.co.kr/web/upload/NNEditor/20230829/coral-blue_6601.jpg', '2024-09-18 16:38:06', 127000, 0, 'n', 'n', 100, '코랄 블루', '영문', '흑축', 15),
	(82, 'https://leopold.co.kr/web/product/big/202308/52fba9f6a4614d686fc0f9759693da44.jpg', 'https://leopold.co.kr/web/upload/NNEditor/20230829/coral-blue_6601.jpg', '2024-09-18 16:38:06', 127000, 0, 'n', 'n', 100, '코랄 블루', '영문', '저소음 적축', 15),
	(83, 'https://leopold.co.kr/web/product/big/202308/52fba9f6a4614d686fc0f9759693da44.jpg', 'https://leopold.co.kr/web/upload/NNEditor/20230829/coral-blue_6601.jpg', '2024-09-18 16:38:06', 127000, 0, 'n', 'n', 100, '코랄 블루', '영문', '백축', 15),
	(84, 'https://leopold.co.kr/web/product/big/202308/52fba9f6a4614d686fc0f9759693da44.jpg', 'https://leopold.co.kr/web/upload/NNEditor/20230829/coral-blue_6601.jpg', '2024-09-18 16:38:06', 127000, 0, 'n', 'n', 100, '코랄 블루', '영문', '은축', 15),
	(85, 'https://leopold.co.kr/web/product/big/202308/12d31e14f9c07262126db7d1331a911f.jpg', 'https://leopold.co.kr/web/upload/NNEditor/20230829/FC660MBT20AshYellow.jpg', '2024-09-18 16:38:06', 127000, 0, 'n', 'n', 100, '애쉬 옐로우', '한글', '갈축', 15),
	(86, 'https://leopold.co.kr/web/product/big/202308/12d31e14f9c07262126db7d1331a911f.jpg', 'https://leopold.co.kr/web/upload/NNEditor/20230829/FC660MBT20AshYellow.jpg', '2024-09-18 16:38:06', 127000, 0, 'n', 'n', 100, '애쉬 옐로우', '한글', '청축', 15),
	(87, 'https://leopold.co.kr/web/product/big/202308/12d31e14f9c07262126db7d1331a911f.jpg', 'https://leopold.co.kr/web/upload/NNEditor/20230829/FC660MBT20AshYellow.jpg', '2024-09-18 16:38:06', 127000, 0, 'n', 'n', 100, '애쉬 옐로우', '한글', '적축', 15),
	(88, 'https://leopold.co.kr/web/product/big/202308/12d31e14f9c07262126db7d1331a911f.jpg', 'https://leopold.co.kr/web/upload/NNEditor/20230829/FC660MBT20AshYellow.jpg', '2024-09-18 16:38:06', 127000, 0, 'n', 'n', 100, '애쉬 옐로우', '한글', '흑축', 15),
	(89, 'https://leopold.co.kr/web/product/big/202308/12d31e14f9c07262126db7d1331a911f.jpg', 'https://leopold.co.kr/web/upload/NNEditor/20230829/FC660MBT20AshYellow.jpg', '2024-09-18 16:38:06', 127000, 0, 'n', 'n', 100, '애쉬 옐로우', '한글', '저소음 적축', 15),
	(90, 'https://leopold.co.kr/web/product/big/202308/12d31e14f9c07262126db7d1331a911f.jpg', 'https://leopold.co.kr/web/upload/NNEditor/20230829/FC660MBT20AshYellow.jpg', '2024-09-18 16:38:06', 127000, 0, 'n', 'n', 100, '애쉬 옐로우', '한글', '백축', 15),
	(91, 'https://leopold.co.kr/web/product/big/202308/12d31e14f9c07262126db7d1331a911f.jpg', 'https://leopold.co.kr/web/upload/NNEditor/20230829/FC660MBT20AshYellow.jpg', '2024-09-18 16:38:06', 127000, 0, 'n', 'n', 100, '애쉬 옐로우', '한글', '은축', 15),
	(92, 'https://leopold.co.kr/web/product/big/202308/12d31e14f9c07262126db7d1331a911f.jpg', 'https://leopold.co.kr/web/upload/NNEditor/20230829/FC660MBT20AshYellow.jpg', '2024-09-18 16:38:06', 127000, 0, 'n', 'n', 100, '애쉬 옐로우', '영문', '갈축', 15),
	(93, 'https://leopold.co.kr/web/product/big/202308/12d31e14f9c07262126db7d1331a911f.jpg', 'https://leopold.co.kr/web/upload/NNEditor/20230829/FC660MBT20AshYellow.jpg', '2024-09-18 16:38:06', 127000, 0, 'n', 'n', 100, '애쉬 옐로우', '영문', '청축', 15),
	(94, 'https://leopold.co.kr/web/product/big/202308/12d31e14f9c07262126db7d1331a911f.jpg', 'https://leopold.co.kr/web/upload/NNEditor/20230829/FC660MBT20AshYellow.jpg', '2024-09-18 16:38:06', 127000, 0, 'n', 'n', 100, '애쉬 옐로우', '영문', '적축', 15),
	(95, 'https://leopold.co.kr/web/product/big/202308/12d31e14f9c07262126db7d1331a911f.jpg', 'https://leopold.co.kr/web/upload/NNEditor/20230829/FC660MBT20AshYellow.jpg', '2024-09-18 16:38:06', 127000, 0, 'n', 'n', 100, '애쉬 옐로우', '영문', '흑축', 15),
	(96, 'https://leopold.co.kr/web/product/big/202308/12d31e14f9c07262126db7d1331a911f.jpg', 'https://leopold.co.kr/web/upload/NNEditor/20230829/FC660MBT20AshYellow.jpg', '2024-09-18 16:38:06', 127000, 0, 'n', 'n', 100, '애쉬 옐로우', '영문', '저소음 적축', 15),
	(97, 'https://leopold.co.kr/web/product/big/202308/12d31e14f9c07262126db7d1331a911f.jpg', 'https://leopold.co.kr/web/upload/NNEditor/20230829/FC660MBT20AshYellow.jpg', '2024-09-18 16:38:06', 127000, 0, 'n', 'n', 100, '애쉬 옐로우', '영문', '백축', 15),
	(98, 'https://leopold.co.kr/web/product/big/202308/12d31e14f9c07262126db7d1331a911f.jpg', 'https://leopold.co.kr/web/upload/NNEditor/20230829/FC660MBT20AshYellow.jpg', '2024-09-18 16:38:06', 127000, 0, 'n', 'n', 100, '애쉬 옐로우', '영문', '은축', 15),
	(99, 'https://leopold.co.kr/web/product/big/202402/c907897bf58d527234274ca0f261c9ab.jpg', 'https://leopold.co.kr/web/upload/NNEditor/20240216/630_Gray20Blue201.jpg', '2024-09-18 16:41:34', 127000, 0, 'n', 'n', 100, '그레이 블루', '한글', '갈축', 14),
	(100, 'https://leopold.co.kr/web/product/big/202402/c907897bf58d527234274ca0f261c9ab.jpg', 'https://leopold.co.kr/web/upload/NNEditor/20240216/630_Gray20Blue201.jpg', '2024-09-18 16:41:34', 127000, 0, 'n', 'n', 100, '그레이 블루', '한글', '청축', 14),
	(101, 'https://leopold.co.kr/web/product/big/202402/c907897bf58d527234274ca0f261c9ab.jpg', 'https://leopold.co.kr/web/upload/NNEditor/20240216/630_Gray20Blue201.jpg', '2024-09-18 16:41:34', 127000, 0, 'n', 'n', 100, '그레이 블루', '한글', '적축', 14),
	(102, 'https://leopold.co.kr/web/product/big/202402/c907897bf58d527234274ca0f261c9ab.jpg', 'https://leopold.co.kr/web/upload/NNEditor/20240216/630_Gray20Blue201.jpg', '2024-09-18 16:41:34', 127000, 0, 'n', 'n', 100, '그레이 블루', '한글', '흑축', 14),
	(103, 'https://leopold.co.kr/web/product/big/202402/c907897bf58d527234274ca0f261c9ab.jpg', 'https://leopold.co.kr/web/upload/NNEditor/20240216/630_Gray20Blue201.jpg', '2024-09-18 16:41:34', 127000, 0, 'n', 'n', 100, '그레이 블루', '한글', '저소음 적축', 14),
	(104, 'https://leopold.co.kr/web/product/big/202402/c907897bf58d527234274ca0f261c9ab.jpg', 'https://leopold.co.kr/web/upload/NNEditor/20240216/630_Gray20Blue201.jpg', '2024-09-18 16:41:34', 127000, 0, 'n', 'n', 100, '그레이 블루', '한글', '백축', 14),
	(105, 'https://leopold.co.kr/web/product/big/202402/c907897bf58d527234274ca0f261c9ab.jpg', 'https://leopold.co.kr/web/upload/NNEditor/20240216/630_Gray20Blue201.jpg', '2024-09-18 16:41:34', 127000, 0, 'n', 'n', 100, '그레이 블루', '한글', '은축', 14),
	(106, 'https://leopold.co.kr/web/product/big/202402/c907897bf58d527234274ca0f261c9ab.jpg', 'https://leopold.co.kr/web/upload/NNEditor/20240216/630_Gray20Blue201.jpg', '2024-09-18 16:41:34', 127000, 0, 'n', 'n', 100, '그레이 블루', '영문', '갈축', 14),
	(107, 'https://leopold.co.kr/web/product/big/202402/c907897bf58d527234274ca0f261c9ab.jpg', 'https://leopold.co.kr/web/upload/NNEditor/20240216/630_Gray20Blue201.jpg', '2024-09-18 16:41:34', 127000, 0, 'n', 'n', 100, '그레이 블루', '영문', '청축', 14),
	(108, 'https://leopold.co.kr/web/product/big/202402/c907897bf58d527234274ca0f261c9ab.jpg', 'https://leopold.co.kr/web/upload/NNEditor/20240216/630_Gray20Blue201.jpg', '2024-09-18 16:41:34', 127000, 0, 'n', 'n', 100, '그레이 블루', '영문', '적축', 14),
	(109, 'https://leopold.co.kr/web/product/big/202402/c907897bf58d527234274ca0f261c9ab.jpg', 'https://leopold.co.kr/web/upload/NNEditor/20240216/630_Gray20Blue201.jpg', '2024-09-18 16:41:34', 127000, 0, 'n', 'n', 100, '그레이 블루', '영문', '흑축', 14),
	(110, 'https://leopold.co.kr/web/product/big/202402/c907897bf58d527234274ca0f261c9ab.jpg', 'https://leopold.co.kr/web/upload/NNEditor/20240216/630_Gray20Blue201.jpg', '2024-09-18 16:41:34', 127000, 0, 'n', 'n', 100, '그레이 블루', '영문', '저소음 적축', 14),
	(111, 'https://leopold.co.kr/web/product/big/202402/c907897bf58d527234274ca0f261c9ab.jpg', 'https://leopold.co.kr/web/upload/NNEditor/20240216/630_Gray20Blue201.jpg', '2024-09-18 16:41:34', 127000, 0, 'n', 'n', 100, '그레이 블루', '영문', '백축', 14),
	(112, 'https://leopold.co.kr/web/product/big/202402/c907897bf58d527234274ca0f261c9ab.jpg', 'https://leopold.co.kr/web/upload/NNEditor/20240216/630_Gray20Blue201.jpg', '2024-09-18 16:41:34', 127000, 0, 'n', 'n', 100, '그레이 블루', '영문', '은축', 14),
	(113, 'https://leopold.co.kr/web/product/big/202402/6dfc01e1f310a1e4b68de55091a17a25.jpg', 'https://leopold.co.kr/web/upload/NNEditor/20240216/630_Coral20Blue201.jpg', '2024-09-18 16:41:34', 127000, 0, 'n', 'n', 100, '코랄 블루', '한글', '갈축', 14),
	(114, 'https://leopold.co.kr/web/product/big/202402/6dfc01e1f310a1e4b68de55091a17a25.jpg', 'https://leopold.co.kr/web/upload/NNEditor/20240216/630_Coral20Blue201.jpg', '2024-09-18 16:41:34', 127000, 0, 'n', 'n', 100, '코랄 블루', '한글', '청축', 14),
	(115, 'https://leopold.co.kr/web/product/big/202402/6dfc01e1f310a1e4b68de55091a17a25.jpg', 'https://leopold.co.kr/web/upload/NNEditor/20240216/630_Coral20Blue201.jpg', '2024-09-18 16:41:34', 127000, 0, 'n', 'n', 100, '코랄 블루', '한글', '적축', 14),
	(116, 'https://leopold.co.kr/web/product/big/202402/6dfc01e1f310a1e4b68de55091a17a25.jpg', 'https://leopold.co.kr/web/upload/NNEditor/20240216/630_Coral20Blue201.jpg', '2024-09-18 16:41:34', 127000, 0, 'n', 'n', 100, '코랄 블루', '한글', '흑축', 14),
	(117, 'https://leopold.co.kr/web/product/big/202402/6dfc01e1f310a1e4b68de55091a17a25.jpg', 'https://leopold.co.kr/web/upload/NNEditor/20240216/630_Coral20Blue201.jpg', '2024-09-18 16:41:34', 127000, 0, 'n', 'n', 100, '코랄 블루', '한글', '저소음 적축', 14),
	(118, 'https://leopold.co.kr/web/product/big/202402/6dfc01e1f310a1e4b68de55091a17a25.jpg', 'https://leopold.co.kr/web/upload/NNEditor/20240216/630_Coral20Blue201.jpg', '2024-09-18 16:41:34', 127000, 0, 'n', 'n', 100, '코랄 블루', '한글', '백축', 14),
	(119, 'https://leopold.co.kr/web/product/big/202402/6dfc01e1f310a1e4b68de55091a17a25.jpg', 'https://leopold.co.kr/web/upload/NNEditor/20240216/630_Coral20Blue201.jpg', '2024-09-18 16:41:34', 127000, 0, 'n', 'n', 100, '코랄 블루', '한글', '은축', 14),
	(120, 'https://leopold.co.kr/web/product/big/202402/6dfc01e1f310a1e4b68de55091a17a25.jpg', 'https://leopold.co.kr/web/upload/NNEditor/20240216/630_Coral20Blue201.jpg', '2024-09-18 16:41:34', 127000, 0, 'n', 'n', 100, '코랄 블루', '영문', '갈축', 14),
	(121, 'https://leopold.co.kr/web/product/big/202402/6dfc01e1f310a1e4b68de55091a17a25.jpg', 'https://leopold.co.kr/web/upload/NNEditor/20240216/630_Coral20Blue201.jpg', '2024-09-18 16:41:34', 127000, 0, 'n', 'n', 100, '코랄 블루', '영문', '청축', 14),
	(122, 'https://leopold.co.kr/web/product/big/202402/6dfc01e1f310a1e4b68de55091a17a25.jpg', 'https://leopold.co.kr/web/upload/NNEditor/20240216/630_Coral20Blue201.jpg', '2024-09-18 16:41:34', 127000, 0, 'n', 'n', 100, '코랄 블루', '영문', '적축', 14),
	(123, 'https://leopold.co.kr/web/product/big/202402/6dfc01e1f310a1e4b68de55091a17a25.jpg', 'https://leopold.co.kr/web/upload/NNEditor/20240216/630_Coral20Blue201.jpg', '2024-09-18 16:41:34', 127000, 0, 'n', 'n', 100, '코랄 블루', '영문', '흑축', 14),
	(124, 'https://leopold.co.kr/web/product/big/202402/6dfc01e1f310a1e4b68de55091a17a25.jpg', 'https://leopold.co.kr/web/upload/NNEditor/20240216/630_Coral20Blue201.jpg', '2024-09-18 16:41:34', 127000, 0, 'n', 'n', 100, '코랄 블루', '영문', '저소음 적축', 14),
	(125, 'https://leopold.co.kr/web/product/big/202402/6dfc01e1f310a1e4b68de55091a17a25.jpg', 'https://leopold.co.kr/web/upload/NNEditor/20240216/630_Coral20Blue201.jpg', '2024-09-18 16:41:34', 127000, 0, 'n', 'n', 100, '코랄 블루', '영문', '백축', 14),
	(126, 'https://leopold.co.kr/web/product/big/202402/6dfc01e1f310a1e4b68de55091a17a25.jpg', 'https://leopold.co.kr/web/upload/NNEditor/20240216/630_Coral20Blue201.jpg', '2024-09-18 16:41:34', 127000, 0, 'n', 'n', 100, '코랄 블루', '영문', '은축', 14),
	(127, 'https://leopold.co.kr/web/product/big/202407/bcc73e7db1966b7b97b0d4a61dd1053d.jpg', 'https://leopold.co.kr/web/upload/NNEditor/20240710/FC730MBT_Coral20Blue_01.jpg', '2024-09-18 16:44:43', 127000, 0, 'n', 'n', 100, '코랄 블루', '한글', '갈축', 13),
	(128, 'https://leopold.co.kr/web/product/big/202407/bcc73e7db1966b7b97b0d4a61dd1053d.jpg', 'https://leopold.co.kr/web/upload/NNEditor/20240710/FC730MBT_Coral20Blue_01.jpg', '2024-09-18 16:44:43', 127000, 0, 'n', 'n', 100, '코랄 블루', '한글', '청축', 13),
	(129, 'https://leopold.co.kr/web/product/big/202407/bcc73e7db1966b7b97b0d4a61dd1053d.jpg', 'https://leopold.co.kr/web/upload/NNEditor/20240710/FC730MBT_Coral20Blue_01.jpg', '2024-09-18 16:44:43', 127000, 0, 'n', 'n', 100, '코랄 블루', '한글', '적축', 13),
	(130, 'https://leopold.co.kr/web/product/big/202407/bcc73e7db1966b7b97b0d4a61dd1053d.jpg', 'https://leopold.co.kr/web/upload/NNEditor/20240710/FC730MBT_Coral20Blue_01.jpg', '2024-09-18 16:44:43', 127000, 0, 'n', 'n', 100, '코랄 블루', '한글', '흑축', 13),
	(131, 'https://leopold.co.kr/web/product/big/202407/bcc73e7db1966b7b97b0d4a61dd1053d.jpg', 'https://leopold.co.kr/web/upload/NNEditor/20240710/FC730MBT_Coral20Blue_01.jpg', '2024-09-18 16:44:43', 127000, 0, 'n', 'n', 100, '코랄 블루', '한글', '저소음 적축', 13),
	(132, 'https://leopold.co.kr/web/product/big/202407/bcc73e7db1966b7b97b0d4a61dd1053d.jpg', 'https://leopold.co.kr/web/upload/NNEditor/20240710/FC730MBT_Coral20Blue_01.jpg', '2024-09-18 16:44:43', 127000, 0, 'n', 'n', 100, '코랄 블루', '한글', '백축', 13),
	(133, 'https://leopold.co.kr/web/product/big/202407/bcc73e7db1966b7b97b0d4a61dd1053d.jpg', 'https://leopold.co.kr/web/upload/NNEditor/20240710/FC730MBT_Coral20Blue_01.jpg', '2024-09-18 16:44:43', 127000, 0, 'n', 'n', 100, '코랄 블루', '한글', '은축', 13),
	(134, 'https://leopold.co.kr/web/product/big/202407/bcc73e7db1966b7b97b0d4a61dd1053d.jpg', 'https://leopold.co.kr/web/upload/NNEditor/20240710/FC730MBT_Coral20Blue_01.jpg', '2024-09-18 16:44:43', 127000, 0, 'n', 'n', 100, '코랄 블루', '영문', '갈축', 13),
	(135, 'https://leopold.co.kr/web/product/big/202407/bcc73e7db1966b7b97b0d4a61dd1053d.jpg', 'https://leopold.co.kr/web/upload/NNEditor/20240710/FC730MBT_Coral20Blue_01.jpg', '2024-09-18 16:44:43', 127000, 0, 'n', 'n', 100, '코랄 블루', '영문', '청축', 13),
	(136, 'https://leopold.co.kr/web/product/big/202407/bcc73e7db1966b7b97b0d4a61dd1053d.jpg', 'https://leopold.co.kr/web/upload/NNEditor/20240710/FC730MBT_Coral20Blue_01.jpg', '2024-09-18 16:44:43', 127000, 0, 'n', 'n', 100, '코랄 블루', '영문', '적축', 13),
	(137, 'https://leopold.co.kr/web/product/big/202407/bcc73e7db1966b7b97b0d4a61dd1053d.jpg', 'https://leopold.co.kr/web/upload/NNEditor/20240710/FC730MBT_Coral20Blue_01.jpg', '2024-09-18 16:44:43', 127000, 0, 'n', 'n', 100, '코랄 블루', '영문', '흑축', 13),
	(138, 'https://leopold.co.kr/web/product/big/202407/bcc73e7db1966b7b97b0d4a61dd1053d.jpg', 'https://leopold.co.kr/web/upload/NNEditor/20240710/FC730MBT_Coral20Blue_01.jpg', '2024-09-18 16:44:43', 127000, 0, 'n', 'n', 100, '코랄 블루', '영문', '저소음 적축', 13),
	(139, 'https://leopold.co.kr/web/product/big/202407/bcc73e7db1966b7b97b0d4a61dd1053d.jpg', 'https://leopold.co.kr/web/upload/NNEditor/20240710/FC730MBT_Coral20Blue_01.jpg', '2024-09-18 16:44:43', 127000, 0, 'n', 'n', 100, '코랄 블루', '영문', '백축', 13),
	(140, 'https://leopold.co.kr/web/product/big/202407/bcc73e7db1966b7b97b0d4a61dd1053d.jpg', 'https://leopold.co.kr/web/upload/NNEditor/20240710/FC730MBT_Coral20Blue_01.jpg', '2024-09-18 16:44:43', 127000, 0, 'n', 'n', 100, '코랄 블루', '영문', '은축', 13),
	(141, 'https://leopold.co.kr/web/product/big/202308/7d79e82aa9813ffc9a191aade6746c14.jpg', 'https://leopold.co.kr/web/upload/NNEditor/20230829/NP750RBT1.jpg', '2024-09-18 16:47:50', 127000, 0, 'n', 'n', 100, '그레이 블루', '한글', '갈축', 12),
	(142, 'https://leopold.co.kr/web/product/big/202308/7d79e82aa9813ffc9a191aade6746c14.jpg', 'https://leopold.co.kr/web/upload/NNEditor/20230829/NP750RBT1.jpg', '2024-09-18 16:47:50', 127000, 0, 'n', 'n', 100, '그레이 블루', '한글', '청축', 12),
	(143, 'https://leopold.co.kr/web/product/big/202308/7d79e82aa9813ffc9a191aade6746c14.jpg', 'https://leopold.co.kr/web/upload/NNEditor/20230829/NP750RBT1.jpg', '2024-09-18 16:47:50', 127000, 0, 'n', 'n', 100, '그레이 블루', '한글', '적축', 12),
	(144, 'https://leopold.co.kr/web/product/big/202308/7d79e82aa9813ffc9a191aade6746c14.jpg', 'https://leopold.co.kr/web/upload/NNEditor/20230829/NP750RBT1.jpg', '2024-09-18 16:47:50', 127000, 0, 'n', 'n', 100, '그레이 블루', '한글', '흑축', 12),
	(145, 'https://leopold.co.kr/web/product/big/202308/7d79e82aa9813ffc9a191aade6746c14.jpg', 'https://leopold.co.kr/web/upload/NNEditor/20230829/NP750RBT1.jpg', '2024-09-18 16:47:50', 127000, 0, 'n', 'n', 100, '그레이 블루', '한글', '저소음 적축', 12),
	(146, 'https://leopold.co.kr/web/product/big/202308/7d79e82aa9813ffc9a191aade6746c14.jpg', 'https://leopold.co.kr/web/upload/NNEditor/20230829/NP750RBT1.jpg', '2024-09-18 16:47:50', 127000, 0, 'n', 'n', 100, '그레이 블루', '한글', '백축', 12),
	(147, 'https://leopold.co.kr/web/product/big/202308/7d79e82aa9813ffc9a191aade6746c14.jpg', 'https://leopold.co.kr/web/upload/NNEditor/20230829/NP750RBT1.jpg', '2024-09-18 16:47:50', 127000, 0, 'n', 'n', 100, '그레이 블루', '한글', '은축', 12),
	(148, 'https://leopold.co.kr/web/product/big/202308/7d79e82aa9813ffc9a191aade6746c14.jpg', 'https://leopold.co.kr/web/upload/NNEditor/20230829/NP750RBT1.jpg', '2024-09-18 16:47:50', 127000, 0, 'n', 'n', 100, '그레이 블루', '영문', '갈축', 12),
	(149, 'https://leopold.co.kr/web/product/big/202308/7d79e82aa9813ffc9a191aade6746c14.jpg', 'https://leopold.co.kr/web/upload/NNEditor/20230829/NP750RBT1.jpg', '2024-09-18 16:47:50', 127000, 0, 'n', 'n', 100, '그레이 블루', '영문', '청축', 12),
	(150, 'https://leopold.co.kr/web/product/big/202308/7d79e82aa9813ffc9a191aade6746c14.jpg', 'https://leopold.co.kr/web/upload/NNEditor/20230829/NP750RBT1.jpg', '2024-09-18 16:47:50', 127000, 0, 'n', 'n', 100, '그레이 블루', '영문', '적축', 12),
	(151, 'https://leopold.co.kr/web/product/big/202308/7d79e82aa9813ffc9a191aade6746c14.jpg', 'https://leopold.co.kr/web/upload/NNEditor/20230829/NP750RBT1.jpg', '2024-09-18 16:47:50', 127000, 0, 'n', 'n', 100, '그레이 블루', '영문', '흑축', 12),
	(152, 'https://leopold.co.kr/web/product/big/202308/7d79e82aa9813ffc9a191aade6746c14.jpg', 'https://leopold.co.kr/web/upload/NNEditor/20230829/NP750RBT1.jpg', '2024-09-18 16:47:50', 127000, 0, 'n', 'n', 100, '그레이 블루', '영문', '저소음 적축', 12),
	(153, 'https://leopold.co.kr/web/product/big/202308/7d79e82aa9813ffc9a191aade6746c14.jpg', 'https://leopold.co.kr/web/upload/NNEditor/20230829/NP750RBT1.jpg', '2024-09-18 16:47:50', 127000, 0, 'n', 'n', 100, '그레이 블루', '영문', '백축', 12),
	(154, 'https://leopold.co.kr/web/product/big/202308/7d79e82aa9813ffc9a191aade6746c14.jpg', 'https://leopold.co.kr/web/upload/NNEditor/20230829/NP750RBT1.jpg', '2024-09-18 16:47:50', 127000, 0, 'n', 'n', 100, '그레이 블루', '영문', '은축', 12),
	(155, 'https://leopold.co.kr/web/product/big/202308/241587445a822b4b56e9e0a7eb0903d1.jpg', 'https://leopold.co.kr/web/upload/NNEditor/20230829/FC750RBT-EGPPD28B291.jpg', '2024-09-18 16:51:46', 127000, 0, 'n', 'n', 100, '그레이 퍼플', '한글', '갈축', 11),
	(156, 'https://leopold.co.kr/web/product/big/202308/241587445a822b4b56e9e0a7eb0903d1.jpg', 'https://leopold.co.kr/web/upload/NNEditor/20230829/FC750RBT-EGPPD28B291.jpg', '2024-09-18 16:51:46', 127000, 0, 'n', 'n', 100, '그레이 퍼플', '한글', '청축', 11),
	(157, 'https://leopold.co.kr/web/product/big/202308/241587445a822b4b56e9e0a7eb0903d1.jpg', 'https://leopold.co.kr/web/upload/NNEditor/20230829/FC750RBT-EGPPD28B291.jpg', '2024-09-18 16:51:46', 127000, 0, 'n', 'n', 100, '그레이 퍼플', '한글', '적축', 11),
	(158, 'https://leopold.co.kr/web/product/big/202308/241587445a822b4b56e9e0a7eb0903d1.jpg', 'https://leopold.co.kr/web/upload/NNEditor/20230829/FC750RBT-EGPPD28B291.jpg', '2024-09-18 16:51:46', 127000, 0, 'n', 'n', 100, '그레이 퍼플', '한글', '흑축', 11),
	(159, 'https://leopold.co.kr/web/product/big/202308/241587445a822b4b56e9e0a7eb0903d1.jpg', 'https://leopold.co.kr/web/upload/NNEditor/20230829/FC750RBT-EGPPD28B291.jpg', '2024-09-18 16:51:46', 127000, 0, 'n', 'n', 100, '그레이 퍼플', '한글', '저소음 적축', 11),
	(160, 'https://leopold.co.kr/web/product/big/202308/241587445a822b4b56e9e0a7eb0903d1.jpg', 'https://leopold.co.kr/web/upload/NNEditor/20230829/FC750RBT-EGPPD28B291.jpg', '2024-09-18 16:51:46', 127000, 0, 'n', 'n', 100, '그레이 퍼플', '한글', '백축', 11),
	(161, 'https://leopold.co.kr/web/product/big/202308/241587445a822b4b56e9e0a7eb0903d1.jpg', 'https://leopold.co.kr/web/upload/NNEditor/20230829/FC750RBT-EGPPD28B291.jpg', '2024-09-18 16:51:46', 127000, 0, 'n', 'n', 100, '그레이 퍼플', '한글', '은축', 11),
	(162, 'https://leopold.co.kr/web/product/big/202308/241587445a822b4b56e9e0a7eb0903d1.jpg', 'https://leopold.co.kr/web/upload/NNEditor/20230829/FC750RBT-EGPPD28B291.jpg', '2024-09-18 16:51:46', 127000, 0, 'n', 'n', 100, '그레이 퍼플', '영문', '갈축', 11),
	(163, 'https://leopold.co.kr/web/product/big/202308/241587445a822b4b56e9e0a7eb0903d1.jpg', 'https://leopold.co.kr/web/upload/NNEditor/20230829/FC750RBT-EGPPD28B291.jpg', '2024-09-18 16:51:46', 127000, 0, 'n', 'n', 100, '그레이 퍼플', '영문', '청축', 11),
	(164, 'https://leopold.co.kr/web/product/big/202308/241587445a822b4b56e9e0a7eb0903d1.jpg', 'https://leopold.co.kr/web/upload/NNEditor/20230829/FC750RBT-EGPPD28B291.jpg', '2024-09-18 16:51:46', 127000, 0, 'n', 'n', 100, '그레이 퍼플', '영문', '적축', 11),
	(165, 'https://leopold.co.kr/web/product/big/202308/241587445a822b4b56e9e0a7eb0903d1.jpg', 'https://leopold.co.kr/web/upload/NNEditor/20230829/FC750RBT-EGPPD28B291.jpg', '2024-09-18 16:51:46', 127000, 0, 'n', 'n', 100, '그레이 퍼플', '영문', '흑축', 11),
	(166, 'https://leopold.co.kr/web/product/big/202308/241587445a822b4b56e9e0a7eb0903d1.jpg', 'https://leopold.co.kr/web/upload/NNEditor/20230829/FC750RBT-EGPPD28B291.jpg', '2024-09-18 16:51:46', 127000, 0, 'n', 'n', 100, '그레이 퍼플', '영문', '저소음 적축', 11),
	(167, 'https://leopold.co.kr/web/product/big/202308/241587445a822b4b56e9e0a7eb0903d1.jpg', 'https://leopold.co.kr/web/upload/NNEditor/20230829/FC750RBT-EGPPD28B291.jpg', '2024-09-18 16:51:46', 127000, 0, 'n', 'n', 100, '그레이 퍼플', '영문', '백축', 11),
	(168, 'https://leopold.co.kr/web/product/big/202308/241587445a822b4b56e9e0a7eb0903d1.jpg', 'https://leopold.co.kr/web/upload/NNEditor/20230829/FC750RBT-EGPPD28B291.jpg', '2024-09-18 16:51:46', 127000, 0, 'n', 'n', 100, '그레이 퍼플', '영문', '은축', 11),
	(169, 'https://leopold.co.kr/web/product/big/202308/eaf9a30a2eac51f904d0fde52a659913.jpg', 'https://leopold.co.kr/web/upload/NNEditor/20230829/FC750RBT1.jpg', '2024-09-18 16:51:46', 127000, 0, 'n', 'n', 100, '라이트 핑크', '한글', '갈축', 11),
	(170, 'https://leopold.co.kr/web/product/big/202308/eaf9a30a2eac51f904d0fde52a659913.jpg', 'https://leopold.co.kr/web/upload/NNEditor/20230829/FC750RBT1.jpg', '2024-09-18 16:51:46', 127000, 0, 'n', 'n', 100, '라이트 핑크', '한글', '청축', 11),
	(171, 'https://leopold.co.kr/web/product/big/202308/eaf9a30a2eac51f904d0fde52a659913.jpg', 'https://leopold.co.kr/web/upload/NNEditor/20230829/FC750RBT1.jpg', '2024-09-18 16:51:46', 127000, 0, 'n', 'n', 100, '라이트 핑크', '한글', '적축', 11),
	(172, 'https://leopold.co.kr/web/product/big/202308/eaf9a30a2eac51f904d0fde52a659913.jpg', 'https://leopold.co.kr/web/upload/NNEditor/20230829/FC750RBT1.jpg', '2024-09-18 16:51:46', 127000, 0, 'n', 'n', 100, '라이트 핑크', '한글', '흑축', 11),
	(173, 'https://leopold.co.kr/web/product/big/202308/eaf9a30a2eac51f904d0fde52a659913.jpg', 'https://leopold.co.kr/web/upload/NNEditor/20230829/FC750RBT1.jpg', '2024-09-18 16:51:46', 127000, 0, 'n', 'n', 100, '라이트 핑크', '한글', '저소음 적축', 11),
	(174, 'https://leopold.co.kr/web/product/big/202308/eaf9a30a2eac51f904d0fde52a659913.jpg', 'https://leopold.co.kr/web/upload/NNEditor/20230829/FC750RBT1.jpg', '2024-09-18 16:51:46', 127000, 0, 'n', 'n', 100, '라이트 핑크', '한글', '백축', 11),
	(175, 'https://leopold.co.kr/web/product/big/202308/eaf9a30a2eac51f904d0fde52a659913.jpg', 'https://leopold.co.kr/web/upload/NNEditor/20230829/FC750RBT1.jpg', '2024-09-18 16:51:46', 127000, 0, 'n', 'n', 100, '라이트 핑크', '한글', '은축', 11),
	(176, 'https://leopold.co.kr/web/product/big/202308/eaf9a30a2eac51f904d0fde52a659913.jpg', 'https://leopold.co.kr/web/upload/NNEditor/20230829/FC750RBT1.jpg', '2024-09-18 16:51:46', 127000, 0, 'n', 'n', 100, '라이트 핑크', '영문', '갈축', 11),
	(177, 'https://leopold.co.kr/web/product/big/202308/eaf9a30a2eac51f904d0fde52a659913.jpg', 'https://leopold.co.kr/web/upload/NNEditor/20230829/FC750RBT1.jpg', '2024-09-18 16:51:46', 127000, 0, 'n', 'n', 100, '라이트 핑크', '영문', '청축', 11),
	(178, 'https://leopold.co.kr/web/product/big/202308/eaf9a30a2eac51f904d0fde52a659913.jpg', 'https://leopold.co.kr/web/upload/NNEditor/20230829/FC750RBT1.jpg', '2024-09-18 16:51:46', 127000, 0, 'n', 'n', 100, '라이트 핑크', '영문', '적축', 11),
	(179, 'https://leopold.co.kr/web/product/big/202308/eaf9a30a2eac51f904d0fde52a659913.jpg', 'https://leopold.co.kr/web/upload/NNEditor/20230829/FC750RBT1.jpg', '2024-09-18 16:51:46', 127000, 0, 'n', 'n', 100, '라이트 핑크', '영문', '흑축', 11),
	(180, 'https://leopold.co.kr/web/product/big/202308/eaf9a30a2eac51f904d0fde52a659913.jpg', 'https://leopold.co.kr/web/upload/NNEditor/20230829/FC750RBT1.jpg', '2024-09-18 16:51:46', 127000, 0, 'n', 'n', 100, '라이트 핑크', '영문', '저소음 적축', 11),
	(181, 'https://leopold.co.kr/web/product/big/202308/eaf9a30a2eac51f904d0fde52a659913.jpg', 'https://leopold.co.kr/web/upload/NNEditor/20230829/FC750RBT1.jpg', '2024-09-18 16:51:46', 127000, 0, 'n', 'n', 100, '라이트 핑크', '영문', '백축', 11),
	(182, 'https://leopold.co.kr/web/product/big/202308/eaf9a30a2eac51f904d0fde52a659913.jpg', 'https://leopold.co.kr/web/upload/NNEditor/20230829/FC750RBT1.jpg', '2024-09-18 16:51:46', 127000, 0, 'n', 'n', 100, '라이트 핑크', '영문', '은축', 11),
	(183, 'https://leopold.co.kr/web/product/big/202308/f5839ba8ac9c8ffff6a8397e6db2222e.jpg', 'https://leopold.co.kr/web/upload/NNEditor/20230829/FC750RBT20WhiteMint20DB201.jpg', '2024-09-18 16:51:46', 127000, 0, 'n', 'n', 100, '화이트 민트', '한글', '갈축', 11),
	(184, 'https://leopold.co.kr/web/product/big/202308/f5839ba8ac9c8ffff6a8397e6db2222e.jpg', 'https://leopold.co.kr/web/upload/NNEditor/20230829/FC750RBT20WhiteMint20DB201.jpg', '2024-09-18 16:51:46', 127000, 0, 'n', 'n', 100, '화이트 민트', '한글', '청축', 11),
	(185, 'https://leopold.co.kr/web/product/big/202308/f5839ba8ac9c8ffff6a8397e6db2222e.jpg', 'https://leopold.co.kr/web/upload/NNEditor/20230829/FC750RBT20WhiteMint20DB201.jpg', '2024-09-18 16:51:46', 127000, 0, 'n', 'n', 100, '화이트 민트', '한글', '적축', 11),
	(186, 'https://leopold.co.kr/web/product/big/202308/f5839ba8ac9c8ffff6a8397e6db2222e.jpg', 'https://leopold.co.kr/web/upload/NNEditor/20230829/FC750RBT20WhiteMint20DB201.jpg', '2024-09-18 16:51:46', 127000, 0, 'n', 'n', 100, '화이트 민트', '한글', '흑축', 11),
	(187, 'https://leopold.co.kr/web/product/big/202308/f5839ba8ac9c8ffff6a8397e6db2222e.jpg', 'https://leopold.co.kr/web/upload/NNEditor/20230829/FC750RBT20WhiteMint20DB201.jpg', '2024-09-18 16:51:46', 127000, 0, 'n', 'n', 100, '화이트 민트', '한글', '저소음 적축', 11),
	(188, 'https://leopold.co.kr/web/product/big/202308/f5839ba8ac9c8ffff6a8397e6db2222e.jpg', 'https://leopold.co.kr/web/upload/NNEditor/20230829/FC750RBT20WhiteMint20DB201.jpg', '2024-09-18 16:51:46', 127000, 0, 'n', 'n', 100, '화이트 민트', '한글', '백축', 11),
	(189, 'https://leopold.co.kr/web/product/big/202308/f5839ba8ac9c8ffff6a8397e6db2222e.jpg', 'https://leopold.co.kr/web/upload/NNEditor/20230829/FC750RBT20WhiteMint20DB201.jpg', '2024-09-18 16:51:46', 127000, 0, 'n', 'n', 100, '화이트 민트', '한글', '은축', 11),
	(190, 'https://leopold.co.kr/web/product/big/202308/f5839ba8ac9c8ffff6a8397e6db2222e.jpg', 'https://leopold.co.kr/web/upload/NNEditor/20230829/FC750RBT20WhiteMint20DB201.jpg', '2024-09-18 16:51:46', 127000, 0, 'n', 'n', 100, '화이트 민트', '영문', '갈축', 11),
	(191, 'https://leopold.co.kr/web/product/big/202308/f5839ba8ac9c8ffff6a8397e6db2222e.jpg', 'https://leopold.co.kr/web/upload/NNEditor/20230829/FC750RBT20WhiteMint20DB201.jpg', '2024-09-18 16:51:46', 127000, 0, 'n', 'n', 100, '화이트 민트', '영문', '청축', 11),
	(192, 'https://leopold.co.kr/web/product/big/202308/f5839ba8ac9c8ffff6a8397e6db2222e.jpg', 'https://leopold.co.kr/web/upload/NNEditor/20230829/FC750RBT20WhiteMint20DB201.jpg', '2024-09-18 16:51:46', 127000, 0, 'n', 'n', 100, '화이트 민트', '영문', '적축', 11),
	(193, 'https://leopold.co.kr/web/product/big/202308/f5839ba8ac9c8ffff6a8397e6db2222e.jpg', 'https://leopold.co.kr/web/upload/NNEditor/20230829/FC750RBT20WhiteMint20DB201.jpg', '2024-09-18 16:51:46', 127000, 0, 'n', 'n', 100, '화이트 민트', '영문', '흑축', 11),
	(194, 'https://leopold.co.kr/web/product/big/202308/f5839ba8ac9c8ffff6a8397e6db2222e.jpg', 'https://leopold.co.kr/web/upload/NNEditor/20230829/FC750RBT20WhiteMint20DB201.jpg', '2024-09-18 16:51:46', 127000, 0, 'n', 'n', 100, '화이트 민트', '영문', '저소음 적축', 11),
	(195, 'https://leopold.co.kr/web/product/big/202308/f5839ba8ac9c8ffff6a8397e6db2222e.jpg', 'https://leopold.co.kr/web/upload/NNEditor/20230829/FC750RBT20WhiteMint20DB201.jpg', '2024-09-18 16:51:46', 127000, 0, 'n', 'n', 100, '화이트 민트', '영문', '백축', 11),
	(196, 'https://leopold.co.kr/web/product/big/202308/f5839ba8ac9c8ffff6a8397e6db2222e.jpg', 'https://leopold.co.kr/web/upload/NNEditor/20230829/FC750RBT20WhiteMint20DB201.jpg', '2024-09-18 16:51:46', 127000, 0, 'n', 'n', 100, '화이트 민트', '영문', '은축', 11),
	(197, 'https://leopold.co.kr/web/product/big/202311/94c2b38cafb184616b0db004f8a3aeec.jpg', 'https://leopold.co.kr/web/upload/NNEditor/20231115/750_Coral20Blue201.jpg', '2024-09-18 16:54:29', 127000, 0, 'n', 'n', 100, '코랄 블루', '한글', '갈축', 10),
	(198, 'https://leopold.co.kr/web/product/big/202311/94c2b38cafb184616b0db004f8a3aeec.jpg', 'https://leopold.co.kr/web/upload/NNEditor/20231115/750_Coral20Blue201.jpg', '2024-09-18 16:54:29', 127000, 0, 'n', 'n', 100, '코랄 블루', '한글', '청축', 10),
	(199, 'https://leopold.co.kr/web/product/big/202311/94c2b38cafb184616b0db004f8a3aeec.jpg', 'https://leopold.co.kr/web/upload/NNEditor/20231115/750_Coral20Blue201.jpg', '2024-09-18 16:54:29', 127000, 0, 'n', 'n', 100, '코랄 블루', '한글', '적축', 10),
	(200, 'https://leopold.co.kr/web/product/big/202311/94c2b38cafb184616b0db004f8a3aeec.jpg', 'https://leopold.co.kr/web/upload/NNEditor/20231115/750_Coral20Blue201.jpg', '2024-09-18 16:54:29', 127000, 0, 'n', 'n', 100, '코랄 블루', '한글', '흑축', 10),
	(201, 'https://leopold.co.kr/web/product/big/202311/94c2b38cafb184616b0db004f8a3aeec.jpg', 'https://leopold.co.kr/web/upload/NNEditor/20231115/750_Coral20Blue201.jpg', '2024-09-18 16:54:29', 127000, 0, 'n', 'n', 100, '코랄 블루', '한글', '저소음 적축', 10),
	(202, 'https://leopold.co.kr/web/product/big/202311/94c2b38cafb184616b0db004f8a3aeec.jpg', 'https://leopold.co.kr/web/upload/NNEditor/20231115/750_Coral20Blue201.jpg', '2024-09-18 16:54:29', 127000, 0, 'n', 'n', 100, '코랄 블루', '한글', '백축', 10),
	(203, 'https://leopold.co.kr/web/product/big/202311/94c2b38cafb184616b0db004f8a3aeec.jpg', 'https://leopold.co.kr/web/upload/NNEditor/20231115/750_Coral20Blue201.jpg', '2024-09-18 16:54:29', 127000, 0, 'n', 'n', 100, '코랄 블루', '한글', '은축', 10),
	(204, 'https://leopold.co.kr/web/product/big/202311/94c2b38cafb184616b0db004f8a3aeec.jpg', 'https://leopold.co.kr/web/upload/NNEditor/20231115/750_Coral20Blue201.jpg', '2024-09-18 16:54:29', 127000, 0, 'n', 'n', 100, '코랄 블루', '영문', '갈축', 10),
	(205, 'https://leopold.co.kr/web/product/big/202311/94c2b38cafb184616b0db004f8a3aeec.jpg', 'https://leopold.co.kr/web/upload/NNEditor/20231115/750_Coral20Blue201.jpg', '2024-09-18 16:54:29', 127000, 0, 'n', 'n', 100, '코랄 블루', '영문', '청축', 10),
	(206, 'https://leopold.co.kr/web/product/big/202311/94c2b38cafb184616b0db004f8a3aeec.jpg', 'https://leopold.co.kr/web/upload/NNEditor/20231115/750_Coral20Blue201.jpg', '2024-09-18 16:54:29', 127000, 0, 'n', 'n', 100, '코랄 블루', '영문', '적축', 10),
	(207, 'https://leopold.co.kr/web/product/big/202311/94c2b38cafb184616b0db004f8a3aeec.jpg', 'https://leopold.co.kr/web/upload/NNEditor/20231115/750_Coral20Blue201.jpg', '2024-09-18 16:54:29', 127000, 0, 'n', 'n', 100, '코랄 블루', '영문', '흑축', 10),
	(208, 'https://leopold.co.kr/web/product/big/202311/94c2b38cafb184616b0db004f8a3aeec.jpg', 'https://leopold.co.kr/web/upload/NNEditor/20231115/750_Coral20Blue201.jpg', '2024-09-18 16:54:29', 127000, 0, 'n', 'n', 100, '코랄 블루', '영문', '저소음 적축', 10),
	(209, 'https://leopold.co.kr/web/product/big/202311/94c2b38cafb184616b0db004f8a3aeec.jpg', 'https://leopold.co.kr/web/upload/NNEditor/20231115/750_Coral20Blue201.jpg', '2024-09-18 16:54:29', 127000, 0, 'n', 'n', 100, '코랄 블루', '영문', '백축', 10),
	(210, 'https://leopold.co.kr/web/product/big/202311/94c2b38cafb184616b0db004f8a3aeec.jpg', 'https://leopold.co.kr/web/upload/NNEditor/20231115/750_Coral20Blue201.jpg', '2024-09-18 16:54:29', 127000, 0, 'n', 'n', 100, '코랄 블루', '영문', '은축', 10),
	(211, 'https://leopold.co.kr/web/product/big/202311/1f0df45c6d401cc0166bab8d0677baac.jpg', 'https://leopold.co.kr/web/upload/NNEditor/20231115/750_Gray20Blue201.jpg', '2024-09-18 16:54:29', 127000, 0, 'n', 'n', 100, '그레이 블루', '한글', '갈축', 10),
	(212, 'https://leopold.co.kr/web/product/big/202311/1f0df45c6d401cc0166bab8d0677baac.jpg', 'https://leopold.co.kr/web/upload/NNEditor/20231115/750_Gray20Blue201.jpg', '2024-09-18 16:54:29', 127000, 0, 'n', 'n', 100, '그레이 블루', '한글', '청축', 10),
	(213, 'https://leopold.co.kr/web/product/big/202311/1f0df45c6d401cc0166bab8d0677baac.jpg', 'https://leopold.co.kr/web/upload/NNEditor/20231115/750_Gray20Blue201.jpg', '2024-09-18 16:54:29', 127000, 0, 'n', 'n', 100, '그레이 블루', '한글', '적축', 10),
	(214, 'https://leopold.co.kr/web/product/big/202311/1f0df45c6d401cc0166bab8d0677baac.jpg', 'https://leopold.co.kr/web/upload/NNEditor/20231115/750_Gray20Blue201.jpg', '2024-09-18 16:54:29', 127000, 0, 'n', 'n', 100, '그레이 블루', '한글', '흑축', 10),
	(215, 'https://leopold.co.kr/web/product/big/202311/1f0df45c6d401cc0166bab8d0677baac.jpg', 'https://leopold.co.kr/web/upload/NNEditor/20231115/750_Gray20Blue201.jpg', '2024-09-18 16:54:29', 127000, 0, 'n', 'n', 100, '그레이 블루', '한글', '저소음 적축', 10),
	(216, 'https://leopold.co.kr/web/product/big/202311/1f0df45c6d401cc0166bab8d0677baac.jpg', 'https://leopold.co.kr/web/upload/NNEditor/20231115/750_Gray20Blue201.jpg', '2024-09-18 16:54:29', 127000, 0, 'n', 'n', 100, '그레이 블루', '한글', '백축', 10),
	(217, 'https://leopold.co.kr/web/product/big/202311/1f0df45c6d401cc0166bab8d0677baac.jpg', 'https://leopold.co.kr/web/upload/NNEditor/20231115/750_Gray20Blue201.jpg', '2024-09-18 16:54:29', 127000, 0, 'n', 'n', 100, '그레이 블루', '한글', '은축', 10),
	(218, 'https://leopold.co.kr/web/product/big/202311/1f0df45c6d401cc0166bab8d0677baac.jpg', 'https://leopold.co.kr/web/upload/NNEditor/20231115/750_Gray20Blue201.jpg', '2024-09-18 16:54:29', 127000, 0, 'n', 'n', 100, '그레이 블루', '영문', '갈축', 10),
	(219, 'https://leopold.co.kr/web/product/big/202311/1f0df45c6d401cc0166bab8d0677baac.jpg', 'https://leopold.co.kr/web/upload/NNEditor/20231115/750_Gray20Blue201.jpg', '2024-09-18 16:54:29', 127000, 0, 'n', 'n', 100, '그레이 블루', '영문', '청축', 10),
	(220, 'https://leopold.co.kr/web/product/big/202311/1f0df45c6d401cc0166bab8d0677baac.jpg', 'https://leopold.co.kr/web/upload/NNEditor/20231115/750_Gray20Blue201.jpg', '2024-09-18 16:54:29', 127000, 0, 'n', 'n', 100, '그레이 블루', '영문', '적축', 10),
	(221, 'https://leopold.co.kr/web/product/big/202311/1f0df45c6d401cc0166bab8d0677baac.jpg', 'https://leopold.co.kr/web/upload/NNEditor/20231115/750_Gray20Blue201.jpg', '2024-09-18 16:54:29', 127000, 0, 'n', 'n', 100, '그레이 블루', '영문', '흑축', 10),
	(222, 'https://leopold.co.kr/web/product/big/202311/1f0df45c6d401cc0166bab8d0677baac.jpg', 'https://leopold.co.kr/web/upload/NNEditor/20231115/750_Gray20Blue201.jpg', '2024-09-18 16:54:29', 127000, 0, 'n', 'n', 100, '그레이 블루', '영문', '저소음 적축', 10),
	(223, 'https://leopold.co.kr/web/product/big/202311/1f0df45c6d401cc0166bab8d0677baac.jpg', 'https://leopold.co.kr/web/upload/NNEditor/20231115/750_Gray20Blue201.jpg', '2024-09-18 16:54:29', 127000, 0, 'n', 'n', 100, '그레이 블루', '영문', '백축', 10),
	(224, 'https://leopold.co.kr/web/product/big/202311/1f0df45c6d401cc0166bab8d0677baac.jpg', 'https://leopold.co.kr/web/upload/NNEditor/20231115/750_Gray20Blue201.jpg', '2024-09-18 16:54:29', 127000, 0, 'n', 'n', 100, '그레이 블루', '영문', '은축', 10),
	(225, 'https://leopold.co.kr/web/product/big/202308/102f00337157fbadbbe160d157eb2fc5.jpg', 'https://leopold.co.kr/web/upload/NNEditor/20230829/copy-1693293356-NP900RBT_ED9994EC9DB4ED8AB8ED88ACED86A41.jpg', '2024-09-18 16:57:47', 127000, 0, 'n', 'n', 100, '화이트 투톤', '한글', '갈축', 9),
	(226, 'https://leopold.co.kr/web/product/big/202308/102f00337157fbadbbe160d157eb2fc5.jpg', 'https://leopold.co.kr/web/upload/NNEditor/20230829/copy-1693293356-NP900RBT_ED9994EC9DB4ED8AB8ED88ACED86A41.jpg', '2024-09-18 16:57:47', 127000, 0, 'n', 'n', 100, '화이트 투톤', '한글', '청축', 9),
	(227, 'https://leopold.co.kr/web/product/big/202308/102f00337157fbadbbe160d157eb2fc5.jpg', 'https://leopold.co.kr/web/upload/NNEditor/20230829/copy-1693293356-NP900RBT_ED9994EC9DB4ED8AB8ED88ACED86A41.jpg', '2024-09-18 16:57:47', 127000, 0, 'n', 'n', 100, '화이트 투톤', '한글', '적축', 9),
	(228, 'https://leopold.co.kr/web/product/big/202308/102f00337157fbadbbe160d157eb2fc5.jpg', 'https://leopold.co.kr/web/upload/NNEditor/20230829/copy-1693293356-NP900RBT_ED9994EC9DB4ED8AB8ED88ACED86A41.jpg', '2024-09-18 16:57:47', 127000, 0, 'n', 'n', 100, '화이트 투톤', '한글', '흑축', 9),
	(229, 'https://leopold.co.kr/web/product/big/202308/102f00337157fbadbbe160d157eb2fc5.jpg', 'https://leopold.co.kr/web/upload/NNEditor/20230829/copy-1693293356-NP900RBT_ED9994EC9DB4ED8AB8ED88ACED86A41.jpg', '2024-09-18 16:57:47', 127000, 0, 'n', 'n', 100, '화이트 투톤', '한글', '저소음 적축', 9),
	(230, 'https://leopold.co.kr/web/product/big/202308/102f00337157fbadbbe160d157eb2fc5.jpg', 'https://leopold.co.kr/web/upload/NNEditor/20230829/copy-1693293356-NP900RBT_ED9994EC9DB4ED8AB8ED88ACED86A41.jpg', '2024-09-18 16:57:47', 127000, 0, 'n', 'n', 100, '화이트 투톤', '한글', '백축', 9),
	(231, 'https://leopold.co.kr/web/product/big/202308/102f00337157fbadbbe160d157eb2fc5.jpg', 'https://leopold.co.kr/web/upload/NNEditor/20230829/copy-1693293356-NP900RBT_ED9994EC9DB4ED8AB8ED88ACED86A41.jpg', '2024-09-18 16:57:47', 127000, 0, 'n', 'n', 100, '화이트 투톤', '한글', '은축', 9),
	(232, 'https://leopold.co.kr/web/product/big/202308/102f00337157fbadbbe160d157eb2fc5.jpg', 'https://leopold.co.kr/web/upload/NNEditor/20230829/copy-1693293356-NP900RBT_ED9994EC9DB4ED8AB8ED88ACED86A41.jpg', '2024-09-18 16:57:47', 127000, 0, 'n', 'n', 100, '화이트 투톤', '영문', '갈축', 9),
	(233, 'https://leopold.co.kr/web/product/big/202308/102f00337157fbadbbe160d157eb2fc5.jpg', 'https://leopold.co.kr/web/upload/NNEditor/20230829/copy-1693293356-NP900RBT_ED9994EC9DB4ED8AB8ED88ACED86A41.jpg', '2024-09-18 16:57:47', 127000, 0, 'n', 'n', 100, '화이트 투톤', '영문', '청축', 9),
	(234, 'https://leopold.co.kr/web/product/big/202308/102f00337157fbadbbe160d157eb2fc5.jpg', 'https://leopold.co.kr/web/upload/NNEditor/20230829/copy-1693293356-NP900RBT_ED9994EC9DB4ED8AB8ED88ACED86A41.jpg', '2024-09-18 16:57:47', 127000, 0, 'n', 'n', 100, '화이트 투톤', '영문', '적축', 9),
	(235, 'https://leopold.co.kr/web/product/big/202308/102f00337157fbadbbe160d157eb2fc5.jpg', 'https://leopold.co.kr/web/upload/NNEditor/20230829/copy-1693293356-NP900RBT_ED9994EC9DB4ED8AB8ED88ACED86A41.jpg', '2024-09-18 16:57:47', 127000, 0, 'n', 'n', 100, '화이트 투톤', '영문', '흑축', 9),
	(236, 'https://leopold.co.kr/web/product/big/202308/102f00337157fbadbbe160d157eb2fc5.jpg', 'https://leopold.co.kr/web/upload/NNEditor/20230829/copy-1693293356-NP900RBT_ED9994EC9DB4ED8AB8ED88ACED86A41.jpg', '2024-09-18 16:57:47', 127000, 0, 'n', 'n', 100, '화이트 투톤', '영문', '저소음 적축', 9),
	(237, 'https://leopold.co.kr/web/product/big/202308/102f00337157fbadbbe160d157eb2fc5.jpg', 'https://leopold.co.kr/web/upload/NNEditor/20230829/copy-1693293356-NP900RBT_ED9994EC9DB4ED8AB8ED88ACED86A41.jpg', '2024-09-18 16:57:47', 127000, 0, 'n', 'n', 100, '화이트 투톤', '영문', '백축', 9),
	(238, 'https://leopold.co.kr/web/product/big/202308/102f00337157fbadbbe160d157eb2fc5.jpg', 'https://leopold.co.kr/web/upload/NNEditor/20230829/copy-1693293356-NP900RBT_ED9994EC9DB4ED8AB8ED88ACED86A41.jpg', '2024-09-18 16:57:47', 127000, 0, 'n', 'n', 100, '화이트 투톤', '영문', '은축', 9),
	(239, 'https://leopold.co.kr/web/product/big/202308/23f3ae765ea0456b1f60a06943514e5f.jpg', 'https://leopold.co.kr/web/upload/NNEditor/20230829/NP900RBT_ECB0A8ECBD9C20EBB894EBA3A8201.jpg', '2024-09-18 16:57:47', 127000, 0, 'n', 'n', 100, '차콜 블루', '한글', '갈축', 9),
	(240, 'https://leopold.co.kr/web/product/big/202308/23f3ae765ea0456b1f60a06943514e5f.jpg', 'https://leopold.co.kr/web/upload/NNEditor/20230829/NP900RBT_ECB0A8ECBD9C20EBB894EBA3A8201.jpg', '2024-09-18 16:57:47', 127000, 0, 'n', 'n', 100, '차콜 블루', '한글', '청축', 9),
	(241, 'https://leopold.co.kr/web/product/big/202308/23f3ae765ea0456b1f60a06943514e5f.jpg', 'https://leopold.co.kr/web/upload/NNEditor/20230829/NP900RBT_ECB0A8ECBD9C20EBB894EBA3A8201.jpg', '2024-09-18 16:57:47', 127000, 0, 'n', 'n', 100, '차콜 블루', '한글', '적축', 9),
	(242, 'https://leopold.co.kr/web/product/big/202308/23f3ae765ea0456b1f60a06943514e5f.jpg', 'https://leopold.co.kr/web/upload/NNEditor/20230829/NP900RBT_ECB0A8ECBD9C20EBB894EBA3A8201.jpg', '2024-09-18 16:57:47', 127000, 0, 'n', 'n', 100, '차콜 블루', '한글', '흑축', 9),
	(243, 'https://leopold.co.kr/web/product/big/202308/23f3ae765ea0456b1f60a06943514e5f.jpg', 'https://leopold.co.kr/web/upload/NNEditor/20230829/NP900RBT_ECB0A8ECBD9C20EBB894EBA3A8201.jpg', '2024-09-18 16:57:47', 127000, 0, 'n', 'n', 100, '차콜 블루', '한글', '저소음 적축', 9),
	(244, 'https://leopold.co.kr/web/product/big/202308/23f3ae765ea0456b1f60a06943514e5f.jpg', 'https://leopold.co.kr/web/upload/NNEditor/20230829/NP900RBT_ECB0A8ECBD9C20EBB894EBA3A8201.jpg', '2024-09-18 16:57:47', 127000, 0, 'n', 'n', 100, '차콜 블루', '한글', '백축', 9),
	(245, 'https://leopold.co.kr/web/product/big/202308/23f3ae765ea0456b1f60a06943514e5f.jpg', 'https://leopold.co.kr/web/upload/NNEditor/20230829/NP900RBT_ECB0A8ECBD9C20EBB894EBA3A8201.jpg', '2024-09-18 16:57:47', 127000, 0, 'n', 'n', 100, '차콜 블루', '한글', '은축', 9),
	(246, 'https://leopold.co.kr/web/product/big/202308/23f3ae765ea0456b1f60a06943514e5f.jpg', 'https://leopold.co.kr/web/upload/NNEditor/20230829/NP900RBT_ECB0A8ECBD9C20EBB894EBA3A8201.jpg', '2024-09-18 16:57:47', 127000, 0, 'n', 'n', 100, '차콜 블루', '영문', '갈축', 9),
	(247, 'https://leopold.co.kr/web/product/big/202308/23f3ae765ea0456b1f60a06943514e5f.jpg', 'https://leopold.co.kr/web/upload/NNEditor/20230829/NP900RBT_ECB0A8ECBD9C20EBB894EBA3A8201.jpg', '2024-09-18 16:57:47', 127000, 0, 'n', 'n', 100, '차콜 블루', '영문', '청축', 9),
	(248, 'https://leopold.co.kr/web/product/big/202308/23f3ae765ea0456b1f60a06943514e5f.jpg', 'https://leopold.co.kr/web/upload/NNEditor/20230829/NP900RBT_ECB0A8ECBD9C20EBB894EBA3A8201.jpg', '2024-09-18 16:57:47', 127000, 0, 'n', 'n', 100, '차콜 블루', '영문', '적축', 9),
	(249, 'https://leopold.co.kr/web/product/big/202308/23f3ae765ea0456b1f60a06943514e5f.jpg', 'https://leopold.co.kr/web/upload/NNEditor/20230829/NP900RBT_ECB0A8ECBD9C20EBB894EBA3A8201.jpg', '2024-09-18 16:57:47', 127000, 0, 'n', 'n', 100, '차콜 블루', '영문', '흑축', 9),
	(250, 'https://leopold.co.kr/web/product/big/202308/23f3ae765ea0456b1f60a06943514e5f.jpg', 'https://leopold.co.kr/web/upload/NNEditor/20230829/NP900RBT_ECB0A8ECBD9C20EBB894EBA3A8201.jpg', '2024-09-18 16:57:47', 127000, 0, 'n', 'n', 100, '차콜 블루', '영문', '저소음 적축', 9),
	(251, 'https://leopold.co.kr/web/product/big/202308/23f3ae765ea0456b1f60a06943514e5f.jpg', 'https://leopold.co.kr/web/upload/NNEditor/20230829/NP900RBT_ECB0A8ECBD9C20EBB894EBA3A8201.jpg', '2024-09-18 16:57:47', 127000, 0, 'n', 'n', 100, '차콜 블루', '영문', '백축', 9),
	(252, 'https://leopold.co.kr/web/product/big/202308/23f3ae765ea0456b1f60a06943514e5f.jpg', 'https://leopold.co.kr/web/upload/NNEditor/20230829/NP900RBT_ECB0A8ECBD9C20EBB894EBA3A8201.jpg', '2024-09-18 16:57:47', 127000, 0, 'n', 'n', 100, '차콜 블루', '영문', '은축', 9),
	(253, 'https://leopold.co.kr/web/product/big/202308/38038192631b1cf0c0b1f32c3cb24c04.jpg', 'https://leopold.co.kr/web/upload/NNEditor/20230829/NP900RBT.jpg', '2024-09-18 16:57:47', 127000, 0, 'n', 'n', 100, '그레이 블루', '한글', '갈축', 9),
	(254, 'https://leopold.co.kr/web/product/big/202308/38038192631b1cf0c0b1f32c3cb24c04.jpg', 'https://leopold.co.kr/web/upload/NNEditor/20230829/NP900RBT.jpg', '2024-09-18 16:57:47', 127000, 0, 'n', 'n', 100, '그레이 블루', '한글', '청축', 9),
	(255, 'https://leopold.co.kr/web/product/big/202308/38038192631b1cf0c0b1f32c3cb24c04.jpg', 'https://leopold.co.kr/web/upload/NNEditor/20230829/NP900RBT.jpg', '2024-09-18 16:57:47', 127000, 0, 'n', 'n', 100, '그레이 블루', '한글', '적축', 9),
	(256, 'https://leopold.co.kr/web/product/big/202308/38038192631b1cf0c0b1f32c3cb24c04.jpg', 'https://leopold.co.kr/web/upload/NNEditor/20230829/NP900RBT.jpg', '2024-09-18 16:57:47', 127000, 0, 'n', 'n', 100, '그레이 블루', '한글', '흑축', 9),
	(257, 'https://leopold.co.kr/web/product/big/202308/38038192631b1cf0c0b1f32c3cb24c04.jpg', 'https://leopold.co.kr/web/upload/NNEditor/20230829/NP900RBT.jpg', '2024-09-18 16:57:47', 127000, 0, 'n', 'n', 100, '그레이 블루', '한글', '저소음 적축', 9),
	(258, 'https://leopold.co.kr/web/product/big/202308/38038192631b1cf0c0b1f32c3cb24c04.jpg', 'https://leopold.co.kr/web/upload/NNEditor/20230829/NP900RBT.jpg', '2024-09-18 16:57:47', 127000, 0, 'n', 'n', 100, '그레이 블루', '한글', '백축', 9),
	(259, 'https://leopold.co.kr/web/product/big/202308/38038192631b1cf0c0b1f32c3cb24c04.jpg', 'https://leopold.co.kr/web/upload/NNEditor/20230829/NP900RBT.jpg', '2024-09-18 16:57:47', 127000, 0, 'n', 'n', 100, '그레이 블루', '한글', '은축', 9),
	(260, 'https://leopold.co.kr/web/product/big/202308/38038192631b1cf0c0b1f32c3cb24c04.jpg', 'https://leopold.co.kr/web/upload/NNEditor/20230829/NP900RBT.jpg', '2024-09-18 16:57:47', 127000, 0, 'n', 'n', 100, '그레이 블루', '영문', '갈축', 9),
	(261, 'https://leopold.co.kr/web/product/big/202308/38038192631b1cf0c0b1f32c3cb24c04.jpg', 'https://leopold.co.kr/web/upload/NNEditor/20230829/NP900RBT.jpg', '2024-09-18 16:57:47', 127000, 0, 'n', 'n', 100, '그레이 블루', '영문', '청축', 9),
	(262, 'https://leopold.co.kr/web/product/big/202308/38038192631b1cf0c0b1f32c3cb24c04.jpg', 'https://leopold.co.kr/web/upload/NNEditor/20230829/NP900RBT.jpg', '2024-09-18 16:57:47', 127000, 0, 'n', 'n', 100, '그레이 블루', '영문', '적축', 9),
	(263, 'https://leopold.co.kr/web/product/big/202308/38038192631b1cf0c0b1f32c3cb24c04.jpg', 'https://leopold.co.kr/web/upload/NNEditor/20230829/NP900RBT.jpg', '2024-09-18 16:57:47', 127000, 0, 'n', 'n', 100, '그레이 블루', '영문', '흑축', 9),
	(264, 'https://leopold.co.kr/web/product/big/202308/38038192631b1cf0c0b1f32c3cb24c04.jpg', 'https://leopold.co.kr/web/upload/NNEditor/20230829/NP900RBT.jpg', '2024-09-18 16:57:47', 127000, 0, 'n', 'n', 100, '그레이 블루', '영문', '저소음 적축', 9),
	(265, 'https://leopold.co.kr/web/product/big/202308/38038192631b1cf0c0b1f32c3cb24c04.jpg', 'https://leopold.co.kr/web/upload/NNEditor/20230829/NP900RBT.jpg', '2024-09-18 16:57:47', 127000, 0, 'n', 'n', 100, '그레이 블루', '영문', '백축', 9),
	(266, 'https://leopold.co.kr/web/product/big/202308/38038192631b1cf0c0b1f32c3cb24c04.jpg', 'https://leopold.co.kr/web/upload/NNEditor/20230829/NP900RBT.jpg', '2024-09-18 16:57:47', 127000, 0, 'n', 'n', 100, '그레이 블루', '영문', '은축', 9),
	(267, 'https://leopold.co.kr/web/product/big/202308/6983d238184e5e73e074133a210268f8.jpg', 'https://leopold.co.kr/web/upload/NNEditor/20230829/copy-1693292487-FC900RBT1.jpg', '2024-09-18 17:01:01', 146500, 0, 'n', 'n', 100, '스웨디시 화이트', '한글', '갈축', 8),
	(268, 'https://leopold.co.kr/web/product/big/202308/6983d238184e5e73e074133a210268f8.jpg', 'https://leopold.co.kr/web/upload/NNEditor/20230829/copy-1693292487-FC900RBT1.jpg', '2024-09-18 17:01:01', 146500, 0, 'n', 'n', 100, '스웨디시 화이트', '한글', '청축', 8),
	(269, 'https://leopold.co.kr/web/product/big/202308/6983d238184e5e73e074133a210268f8.jpg', 'https://leopold.co.kr/web/upload/NNEditor/20230829/copy-1693292487-FC900RBT1.jpg', '2024-09-18 17:01:01', 146500, 0, 'n', 'n', 100, '스웨디시 화이트', '한글', '적축', 8),
	(270, 'https://leopold.co.kr/web/product/big/202308/6983d238184e5e73e074133a210268f8.jpg', 'https://leopold.co.kr/web/upload/NNEditor/20230829/copy-1693292487-FC900RBT1.jpg', '2024-09-18 17:01:01', 146500, 0, 'n', 'n', 100, '스웨디시 화이트', '한글', '흑축', 8),
	(271, 'https://leopold.co.kr/web/product/big/202308/6983d238184e5e73e074133a210268f8.jpg', 'https://leopold.co.kr/web/upload/NNEditor/20230829/copy-1693292487-FC900RBT1.jpg', '2024-09-18 17:01:01', 146500, 0, 'n', 'n', 100, '스웨디시 화이트', '한글', '저소음 적축', 8),
	(272, 'https://leopold.co.kr/web/product/big/202308/6983d238184e5e73e074133a210268f8.jpg', 'https://leopold.co.kr/web/upload/NNEditor/20230829/copy-1693292487-FC900RBT1.jpg', '2024-09-18 17:01:01', 146500, 0, 'n', 'n', 100, '스웨디시 화이트', '한글', '백축', 8),
	(273, 'https://leopold.co.kr/web/product/big/202308/6983d238184e5e73e074133a210268f8.jpg', 'https://leopold.co.kr/web/upload/NNEditor/20230829/copy-1693292487-FC900RBT1.jpg', '2024-09-18 17:01:01', 146500, 0, 'n', 'n', 100, '스웨디시 화이트', '한글', '은축', 8),
	(274, 'https://leopold.co.kr/web/product/big/202308/6983d238184e5e73e074133a210268f8.jpg', 'https://leopold.co.kr/web/upload/NNEditor/20230829/copy-1693292487-FC900RBT1.jpg', '2024-09-18 17:01:01', 146500, 0, 'n', 'n', 100, '스웨디시 화이트', '영문', '갈축', 8),
	(275, 'https://leopold.co.kr/web/product/big/202308/6983d238184e5e73e074133a210268f8.jpg', 'https://leopold.co.kr/web/upload/NNEditor/20230829/copy-1693292487-FC900RBT1.jpg', '2024-09-18 17:01:01', 146500, 0, 'n', 'n', 100, '스웨디시 화이트', '영문', '청축', 8),
	(276, 'https://leopold.co.kr/web/product/big/202308/6983d238184e5e73e074133a210268f8.jpg', 'https://leopold.co.kr/web/upload/NNEditor/20230829/copy-1693292487-FC900RBT1.jpg', '2024-09-18 17:01:01', 146500, 0, 'n', 'n', 100, '스웨디시 화이트', '영문', '적축', 8),
	(277, 'https://leopold.co.kr/web/product/big/202308/6983d238184e5e73e074133a210268f8.jpg', 'https://leopold.co.kr/web/upload/NNEditor/20230829/copy-1693292487-FC900RBT1.jpg', '2024-09-18 17:01:01', 146500, 0, 'n', 'n', 100, '스웨디시 화이트', '영문', '흑축', 8),
	(278, 'https://leopold.co.kr/web/product/big/202308/6983d238184e5e73e074133a210268f8.jpg', 'https://leopold.co.kr/web/upload/NNEditor/20230829/copy-1693292487-FC900RBT1.jpg', '2024-09-18 17:01:01', 146500, 0, 'n', 'n', 100, '스웨디시 화이트', '영문', '저소음 적축', 8),
	(279, 'https://leopold.co.kr/web/product/big/202308/6983d238184e5e73e074133a210268f8.jpg', 'https://leopold.co.kr/web/upload/NNEditor/20230829/copy-1693292487-FC900RBT1.jpg', '2024-09-18 17:01:01', 146500, 0, 'n', 'n', 100, '스웨디시 화이트', '영문', '백축', 8),
	(280, 'https://leopold.co.kr/web/product/big/202308/6983d238184e5e73e074133a210268f8.jpg', 'https://leopold.co.kr/web/upload/NNEditor/20230829/copy-1693292487-FC900RBT1.jpg', '2024-09-18 17:01:01', 146500, 0, 'n', 'n', 100, '스웨디시 화이트', '영문', '은축', 8),
	(281, 'https://leopold.co.kr/web/product/big/202311/454e2da1d58c938aa4ff1c989df78858.jpg', 'https://leopold.co.kr/web/upload/NNEditor/20231115/900_Coral20Blue201.jpg', '2024-09-18 17:02:26', 178000, 0, 'n', 'n', 100, '코랄 블루', '한글', '갈축', 7),
	(282, 'https://leopold.co.kr/web/product/big/202311/454e2da1d58c938aa4ff1c989df78858.jpg', 'https://leopold.co.kr/web/upload/NNEditor/20231115/900_Coral20Blue201.jpg', '2024-09-18 17:02:26', 178000, 0, 'n', 'n', 100, '코랄 블루', '한글', '청축', 7),
	(283, 'https://leopold.co.kr/web/product/big/202311/454e2da1d58c938aa4ff1c989df78858.jpg', 'https://leopold.co.kr/web/upload/NNEditor/20231115/900_Coral20Blue201.jpg', '2024-09-18 17:02:26', 178000, 0, 'n', 'n', 100, '코랄 블루', '한글', '적축', 7),
	(284, 'https://leopold.co.kr/web/product/big/202311/454e2da1d58c938aa4ff1c989df78858.jpg', 'https://leopold.co.kr/web/upload/NNEditor/20231115/900_Coral20Blue201.jpg', '2024-09-18 17:02:26', 178000, 0, 'n', 'n', 100, '코랄 블루', '한글', '흑축', 7),
	(285, 'https://leopold.co.kr/web/product/big/202311/454e2da1d58c938aa4ff1c989df78858.jpg', 'https://leopold.co.kr/web/upload/NNEditor/20231115/900_Coral20Blue201.jpg', '2024-09-18 17:02:26', 178000, 0, 'n', 'n', 100, '코랄 블루', '한글', '저소음 적축', 7),
	(286, 'https://leopold.co.kr/web/product/big/202311/454e2da1d58c938aa4ff1c989df78858.jpg', 'https://leopold.co.kr/web/upload/NNEditor/20231115/900_Coral20Blue201.jpg', '2024-09-18 17:02:26', 178000, 0, 'n', 'n', 100, '코랄 블루', '한글', '백축', 7),
	(287, 'https://leopold.co.kr/web/product/big/202311/454e2da1d58c938aa4ff1c989df78858.jpg', 'https://leopold.co.kr/web/upload/NNEditor/20231115/900_Coral20Blue201.jpg', '2024-09-18 17:02:26', 178000, 0, 'n', 'n', 100, '코랄 블루', '한글', '은축', 7),
	(288, 'https://leopold.co.kr/web/product/big/202311/454e2da1d58c938aa4ff1c989df78858.jpg', 'https://leopold.co.kr/web/upload/NNEditor/20231115/900_Coral20Blue201.jpg', '2024-09-18 17:02:26', 178000, 0, 'n', 'n', 100, '코랄 블루', '영문', '갈축', 7),
	(289, 'https://leopold.co.kr/web/product/big/202311/454e2da1d58c938aa4ff1c989df78858.jpg', 'https://leopold.co.kr/web/upload/NNEditor/20231115/900_Coral20Blue201.jpg', '2024-09-18 17:02:26', 178000, 0, 'n', 'n', 100, '코랄 블루', '영문', '청축', 7),
	(290, 'https://leopold.co.kr/web/product/big/202311/454e2da1d58c938aa4ff1c989df78858.jpg', 'https://leopold.co.kr/web/upload/NNEditor/20231115/900_Coral20Blue201.jpg', '2024-09-18 17:02:26', 178000, 0, 'n', 'n', 100, '코랄 블루', '영문', '적축', 7),
	(291, 'https://leopold.co.kr/web/product/big/202311/454e2da1d58c938aa4ff1c989df78858.jpg', 'https://leopold.co.kr/web/upload/NNEditor/20231115/900_Coral20Blue201.jpg', '2024-09-18 17:02:26', 178000, 0, 'n', 'n', 100, '코랄 블루', '영문', '흑축', 7),
	(292, 'https://leopold.co.kr/web/product/big/202311/454e2da1d58c938aa4ff1c989df78858.jpg', 'https://leopold.co.kr/web/upload/NNEditor/20231115/900_Coral20Blue201.jpg', '2024-09-18 17:02:26', 178000, 0, 'n', 'n', 100, '코랄 블루', '영문', '저소음 적축', 7),
	(293, 'https://leopold.co.kr/web/product/big/202311/454e2da1d58c938aa4ff1c989df78858.jpg', 'https://leopold.co.kr/web/upload/NNEditor/20231115/900_Coral20Blue201.jpg', '2024-09-18 17:02:26', 178000, 0, 'n', 'n', 100, '코랄 블루', '영문', '백축', 7),
	(294, 'https://leopold.co.kr/web/product/big/202311/454e2da1d58c938aa4ff1c989df78858.jpg', 'https://leopold.co.kr/web/upload/NNEditor/20231115/900_Coral20Blue201.jpg', '2024-09-18 17:02:26', 178000, 0, 'n', 'n', 100, '코랄 블루', '영문', '은축', 7),
	(295, 'https://leopold.co.kr/web/product/big/202308/cf67e780fc0b180a21d96ed60e176377.jpg', 'https://leopold.co.kr/web/upload/NNEditor/20230829/FC210TP20PD_ECB59CECA285_715_2.jpg', '2024-09-18 20:47:56', 42000, 0, 'n', 'n', 100, '블랙', '한글', '갈축', 24),
	(296, 'https://leopold.co.kr/web/product/big/202308/cf67e780fc0b180a21d96ed60e176377.jpg', 'https://leopold.co.kr/web/upload/NNEditor/20230829/FC210TP20PD_ECB59CECA285_715_2.jpg', '2024-09-18 20:47:56', 42000, 0, 'n', 'n', 100, '블랙', '한글', '청축', 24),
	(297, 'https://leopold.co.kr/web/product/big/202308/cf67e780fc0b180a21d96ed60e176377.jpg', 'https://leopold.co.kr/web/upload/NNEditor/20230829/FC210TP20PD_ECB59CECA285_715_2.jpg', '2024-09-18 20:47:56', 42000, 0, 'n', 'n', 100, '블랙', '한글', '적축', 24),
	(298, 'https://leopold.co.kr/web/product/big/202308/cf67e780fc0b180a21d96ed60e176377.jpg', 'https://leopold.co.kr/web/upload/NNEditor/20230829/FC210TP20PD_ECB59CECA285_715_2.jpg', '2024-09-18 20:47:56', 42000, 0, 'n', 'n', 100, '블랙', '한글', '흑축', 24),
	(299, 'https://leopold.co.kr/web/product/big/202308/cf67e780fc0b180a21d96ed60e176377.jpg', 'https://leopold.co.kr/web/upload/NNEditor/20230829/FC210TP20PD_ECB59CECA285_715_2.jpg', '2024-09-18 20:47:56', 42000, 0, 'n', 'n', 100, '블랙', '한글', '저소음 적축', 24),
	(300, 'https://leopold.co.kr/web/product/big/202308/cf67e780fc0b180a21d96ed60e176377.jpg', 'https://leopold.co.kr/web/upload/NNEditor/20230829/FC210TP20PD_ECB59CECA285_715_2.jpg', '2024-09-18 20:47:56', 42000, 0, 'n', 'n', 100, '블랙', '한글', '백축', 24),
	(301, 'https://leopold.co.kr/web/product/big/202308/cf67e780fc0b180a21d96ed60e176377.jpg', 'https://leopold.co.kr/web/upload/NNEditor/20230829/FC210TP20PD_ECB59CECA285_715_2.jpg', '2024-09-18 20:47:56', 42000, 0, 'n', 'n', 100, '블랙', '한글', '은축', 24),
	(302, 'https://leopold.co.kr/web/product/big/202308/cf67e780fc0b180a21d96ed60e176377.jpg', 'https://leopold.co.kr/web/upload/NNEditor/20230829/FC210TP20PD_ECB59CECA285_715_2.jpg', '2024-09-18 20:47:56', 42000, 0, 'n', 'n', 100, '블랙', '영문', '갈축', 24),
	(303, 'https://leopold.co.kr/web/product/big/202308/cf67e780fc0b180a21d96ed60e176377.jpg', 'https://leopold.co.kr/web/upload/NNEditor/20230829/FC210TP20PD_ECB59CECA285_715_2.jpg', '2024-09-18 20:47:56', 42000, 0, 'n', 'n', 100, '블랙', '영문', '청축', 24),
	(304, 'https://leopold.co.kr/web/product/big/202308/cf67e780fc0b180a21d96ed60e176377.jpg', 'https://leopold.co.kr/web/upload/NNEditor/20230829/FC210TP20PD_ECB59CECA285_715_2.jpg', '2024-09-18 20:47:56', 42000, 0, 'n', 'n', 100, '블랙', '영문', '적축', 24),
	(305, 'https://leopold.co.kr/web/product/big/202308/cf67e780fc0b180a21d96ed60e176377.jpg', 'https://leopold.co.kr/web/upload/NNEditor/20230829/FC210TP20PD_ECB59CECA285_715_2.jpg', '2024-09-18 20:47:56', 42000, 0, 'n', 'n', 100, '블랙', '영문', '흑축', 24),
	(306, 'https://leopold.co.kr/web/product/big/202308/cf67e780fc0b180a21d96ed60e176377.jpg', 'https://leopold.co.kr/web/upload/NNEditor/20230829/FC210TP20PD_ECB59CECA285_715_2.jpg', '2024-09-18 20:47:56', 42000, 0, 'n', 'n', 100, '블랙', '영문', '저소음 적축', 24),
	(307, 'https://leopold.co.kr/web/product/big/202308/cf67e780fc0b180a21d96ed60e176377.jpg', 'https://leopold.co.kr/web/upload/NNEditor/20230829/FC210TP20PD_ECB59CECA285_715_2.jpg', '2024-09-18 20:47:56', 42000, 0, 'n', 'n', 100, '블랙', '영문', '백축', 24),
	(308, 'https://leopold.co.kr/web/product/big/202308/cf67e780fc0b180a21d96ed60e176377.jpg', 'https://leopold.co.kr/web/upload/NNEditor/20230829/FC210TP20PD_ECB59CECA285_715_2.jpg', '2024-09-18 20:47:56', 42000, 0, 'n', 'n', 100, '블랙', '영문', '은축', 24),
	(309, 'https://leopold.co.kr/web/product/big/202308/0a7631e66228a14c73c3fea34c300848.jpg', 'https://leopold.co.kr/web/upload/NNEditor/20230829/EB9DBCEC9DB4ED8AB820ED9591ED81AC2028429.jpg', '2024-09-18 20:51:39', 107000, 0, 'n', 'n', 100, '라이트 핑크', '한글', '갈축', 23),
	(310, 'https://leopold.co.kr/web/product/big/202308/0a7631e66228a14c73c3fea34c300848.jpg', 'https://leopold.co.kr/web/upload/NNEditor/20230829/EB9DBCEC9DB4ED8AB820ED9591ED81AC2028429.jpg', '2024-09-18 20:51:39', 107000, 0, 'n', 'n', 100, '라이트 핑크', '한글', '청축', 23),
	(311, 'https://leopold.co.kr/web/product/big/202308/0a7631e66228a14c73c3fea34c300848.jpg', 'https://leopold.co.kr/web/upload/NNEditor/20230829/EB9DBCEC9DB4ED8AB820ED9591ED81AC2028429.jpg', '2024-09-18 20:51:39', 107000, 0, 'n', 'n', 100, '라이트 핑크', '한글', '적축', 23),
	(312, 'https://leopold.co.kr/web/product/big/202308/0a7631e66228a14c73c3fea34c300848.jpg', 'https://leopold.co.kr/web/upload/NNEditor/20230829/EB9DBCEC9DB4ED8AB820ED9591ED81AC2028429.jpg', '2024-09-18 20:51:39', 107000, 0, 'n', 'n', 100, '라이트 핑크', '한글', '흑축', 23),
	(313, 'https://leopold.co.kr/web/product/big/202308/0a7631e66228a14c73c3fea34c300848.jpg', 'https://leopold.co.kr/web/upload/NNEditor/20230829/EB9DBCEC9DB4ED8AB820ED9591ED81AC2028429.jpg', '2024-09-18 20:51:39', 107000, 0, 'n', 'n', 100, '라이트 핑크', '한글', '저소음 적축', 23),
	(314, 'https://leopold.co.kr/web/product/big/202308/0a7631e66228a14c73c3fea34c300848.jpg', 'https://leopold.co.kr/web/upload/NNEditor/20230829/EB9DBCEC9DB4ED8AB820ED9591ED81AC2028429.jpg', '2024-09-18 20:51:39', 107000, 0, 'n', 'n', 100, '라이트 핑크', '한글', '백축', 23),
	(315, 'https://leopold.co.kr/web/product/big/202308/0a7631e66228a14c73c3fea34c300848.jpg', 'https://leopold.co.kr/web/upload/NNEditor/20230829/EB9DBCEC9DB4ED8AB820ED9591ED81AC2028429.jpg', '2024-09-18 20:51:39', 107000, 0, 'n', 'n', 100, '라이트 핑크', '한글', '은축', 23),
	(316, 'https://leopold.co.kr/web/product/big/202308/0a7631e66228a14c73c3fea34c300848.jpg', 'https://leopold.co.kr/web/upload/NNEditor/20230829/EB9DBCEC9DB4ED8AB820ED9591ED81AC2028429.jpg', '2024-09-18 20:51:39', 107000, 0, 'n', 'n', 100, '라이트 핑크', '영문', '갈축', 23),
	(317, 'https://leopold.co.kr/web/product/big/202308/0a7631e66228a14c73c3fea34c300848.jpg', 'https://leopold.co.kr/web/upload/NNEditor/20230829/EB9DBCEC9DB4ED8AB820ED9591ED81AC2028429.jpg', '2024-09-18 20:51:39', 107000, 0, 'n', 'n', 100, '라이트 핑크', '영문', '청축', 23),
	(318, 'https://leopold.co.kr/web/product/big/202308/0a7631e66228a14c73c3fea34c300848.jpg', 'https://leopold.co.kr/web/upload/NNEditor/20230829/EB9DBCEC9DB4ED8AB820ED9591ED81AC2028429.jpg', '2024-09-18 20:51:39', 107000, 0, 'n', 'n', 100, '라이트 핑크', '영문', '적축', 23),
	(319, 'https://leopold.co.kr/web/product/big/202308/0a7631e66228a14c73c3fea34c300848.jpg', 'https://leopold.co.kr/web/upload/NNEditor/20230829/EB9DBCEC9DB4ED8AB820ED9591ED81AC2028429.jpg', '2024-09-18 20:51:39', 107000, 0, 'n', 'n', 100, '라이트 핑크', '영문', '흑축', 23),
	(320, 'https://leopold.co.kr/web/product/big/202308/0a7631e66228a14c73c3fea34c300848.jpg', 'https://leopold.co.kr/web/upload/NNEditor/20230829/EB9DBCEC9DB4ED8AB820ED9591ED81AC2028429.jpg', '2024-09-18 20:51:39', 107000, 0, 'n', 'n', 100, '라이트 핑크', '영문', '저소음 적축', 23),
	(321, 'https://leopold.co.kr/web/product/big/202308/0a7631e66228a14c73c3fea34c300848.jpg', 'https://leopold.co.kr/web/upload/NNEditor/20230829/EB9DBCEC9DB4ED8AB820ED9591ED81AC2028429.jpg', '2024-09-18 20:51:39', 107000, 0, 'n', 'n', 100, '라이트 핑크', '영문', '백축', 23),
	(322, 'https://leopold.co.kr/web/product/big/202308/0a7631e66228a14c73c3fea34c300848.jpg', 'https://leopold.co.kr/web/upload/NNEditor/20230829/EB9DBCEC9DB4ED8AB820ED9591ED81AC2028429.jpg', '2024-09-18 20:51:39', 107000, 0, 'n', 'n', 100, '라이트 핑크', '영문', '은축', 23),
	(323, 'https://leopold.co.kr/web/product/big/202308/e156f7c8283c0d13bce468c71b34013f.jpg', 'https://leopold.co.kr/web/upload/NNEditor/20230829/ED8CA8EB9FBF2028129.jpg', '2024-09-18 20:51:39', 107000, 0, 'n', 'n', 100, '패럿', '한글', '갈축', 23),
	(324, 'https://leopold.co.kr/web/product/big/202308/e156f7c8283c0d13bce468c71b34013f.jpg', 'https://leopold.co.kr/web/upload/NNEditor/20230829/ED8CA8EB9FBF2028129.jpg', '2024-09-18 20:51:39', 107000, 0, 'n', 'n', 100, '패럿', '한글', '청축', 23),
	(325, 'https://leopold.co.kr/web/product/big/202308/e156f7c8283c0d13bce468c71b34013f.jpg', 'https://leopold.co.kr/web/upload/NNEditor/20230829/ED8CA8EB9FBF2028129.jpg', '2024-09-18 20:51:39', 107000, 0, 'n', 'n', 100, '패럿', '한글', '적축', 23),
	(326, 'https://leopold.co.kr/web/product/big/202308/e156f7c8283c0d13bce468c71b34013f.jpg', 'https://leopold.co.kr/web/upload/NNEditor/20230829/ED8CA8EB9FBF2028129.jpg', '2024-09-18 20:51:39', 107000, 0, 'n', 'n', 100, '패럿', '한글', '흑축', 23),
	(327, 'https://leopold.co.kr/web/product/big/202308/e156f7c8283c0d13bce468c71b34013f.jpg', 'https://leopold.co.kr/web/upload/NNEditor/20230829/ED8CA8EB9FBF2028129.jpg', '2024-09-18 20:51:39', 107000, 0, 'n', 'n', 100, '패럿', '한글', '저소음 적축', 23),
	(328, 'https://leopold.co.kr/web/product/big/202308/e156f7c8283c0d13bce468c71b34013f.jpg', 'https://leopold.co.kr/web/upload/NNEditor/20230829/ED8CA8EB9FBF2028129.jpg', '2024-09-18 20:51:39', 107000, 0, 'n', 'n', 100, '패럿', '한글', '백축', 23),
	(329, 'https://leopold.co.kr/web/product/big/202308/e156f7c8283c0d13bce468c71b34013f.jpg', 'https://leopold.co.kr/web/upload/NNEditor/20230829/ED8CA8EB9FBF2028129.jpg', '2024-09-18 20:51:39', 107000, 0, 'n', 'n', 100, '패럿', '한글', '은축', 23),
	(330, 'https://leopold.co.kr/web/product/big/202308/e156f7c8283c0d13bce468c71b34013f.jpg', 'https://leopold.co.kr/web/upload/NNEditor/20230829/ED8CA8EB9FBF2028129.jpg', '2024-09-18 20:51:39', 107000, 0, 'n', 'n', 100, '패럿', '영문', '갈축', 23),
	(331, 'https://leopold.co.kr/web/product/big/202308/e156f7c8283c0d13bce468c71b34013f.jpg', 'https://leopold.co.kr/web/upload/NNEditor/20230829/ED8CA8EB9FBF2028129.jpg', '2024-09-18 20:51:39', 107000, 0, 'n', 'n', 100, '패럿', '영문', '청축', 23),
	(332, 'https://leopold.co.kr/web/product/big/202308/e156f7c8283c0d13bce468c71b34013f.jpg', 'https://leopold.co.kr/web/upload/NNEditor/20230829/ED8CA8EB9FBF2028129.jpg', '2024-09-18 20:51:39', 107000, 0, 'n', 'n', 100, '패럿', '영문', '적축', 23),
	(333, 'https://leopold.co.kr/web/product/big/202308/e156f7c8283c0d13bce468c71b34013f.jpg', 'https://leopold.co.kr/web/upload/NNEditor/20230829/ED8CA8EB9FBF2028129.jpg', '2024-09-18 20:51:39', 107000, 0, 'n', 'n', 100, '패럿', '영문', '흑축', 23),
	(334, 'https://leopold.co.kr/web/product/big/202308/e156f7c8283c0d13bce468c71b34013f.jpg', 'https://leopold.co.kr/web/upload/NNEditor/20230829/ED8CA8EB9FBF2028129.jpg', '2024-09-18 20:51:39', 107000, 0, 'n', 'n', 100, '패럿', '영문', '저소음 적축', 23),
	(335, 'https://leopold.co.kr/web/product/big/202308/e156f7c8283c0d13bce468c71b34013f.jpg', 'https://leopold.co.kr/web/upload/NNEditor/20230829/ED8CA8EB9FBF2028129.jpg', '2024-09-18 20:51:39', 107000, 0, 'n', 'n', 100, '패럿', '영문', '백축', 23),
	(336, 'https://leopold.co.kr/web/product/big/202308/e156f7c8283c0d13bce468c71b34013f.jpg', 'https://leopold.co.kr/web/upload/NNEditor/20230829/ED8CA8EB9FBF2028129.jpg', '2024-09-18 20:51:39', 107000, 0, 'n', 'n', 100, '패럿', '영문', '은축', 23),
	(337, 'https://leopold.co.kr/web/product/big/202308/916c7bfefde2fd1fbbf7a7dfb2b7ec51.jpg', 'https://leopold.co.kr/web/upload/NNEditor/20230829/copy-1693295945-EC95A0EC89AC20EC9890EBA19CEC9AB0201.jpg', '2024-09-18 20:54:04', 105000, 0, 'n', 'n', 100, '애쉬 옐로우', '한글', '갈축', 22),
	(338, 'https://leopold.co.kr/web/product/big/202308/916c7bfefde2fd1fbbf7a7dfb2b7ec51.jpg', 'https://leopold.co.kr/web/upload/NNEditor/20230829/copy-1693295945-EC95A0EC89AC20EC9890EBA19CEC9AB0201.jpg', '2024-09-18 20:54:04', 105000, 0, 'n', 'n', 100, '애쉬 옐로우', '한글', '청축', 22),
	(339, 'https://leopold.co.kr/web/product/big/202308/916c7bfefde2fd1fbbf7a7dfb2b7ec51.jpg', 'https://leopold.co.kr/web/upload/NNEditor/20230829/copy-1693295945-EC95A0EC89AC20EC9890EBA19CEC9AB0201.jpg', '2024-09-18 20:54:04', 105000, 0, 'n', 'n', 100, '애쉬 옐로우', '한글', '적축', 22),
	(340, 'https://leopold.co.kr/web/product/big/202308/916c7bfefde2fd1fbbf7a7dfb2b7ec51.jpg', 'https://leopold.co.kr/web/upload/NNEditor/20230829/copy-1693295945-EC95A0EC89AC20EC9890EBA19CEC9AB0201.jpg', '2024-09-18 20:54:04', 105000, 0, 'n', 'n', 100, '애쉬 옐로우', '한글', '흑축', 22),
	(341, 'https://leopold.co.kr/web/product/big/202308/916c7bfefde2fd1fbbf7a7dfb2b7ec51.jpg', 'https://leopold.co.kr/web/upload/NNEditor/20230829/copy-1693295945-EC95A0EC89AC20EC9890EBA19CEC9AB0201.jpg', '2024-09-18 20:54:04', 105000, 0, 'n', 'n', 100, '애쉬 옐로우', '한글', '저소음 적축', 22),
	(342, 'https://leopold.co.kr/web/product/big/202308/916c7bfefde2fd1fbbf7a7dfb2b7ec51.jpg', 'https://leopold.co.kr/web/upload/NNEditor/20230829/copy-1693295945-EC95A0EC89AC20EC9890EBA19CEC9AB0201.jpg', '2024-09-18 20:54:04', 105000, 0, 'n', 'n', 100, '애쉬 옐로우', '한글', '백축', 22),
	(343, 'https://leopold.co.kr/web/product/big/202308/916c7bfefde2fd1fbbf7a7dfb2b7ec51.jpg', 'https://leopold.co.kr/web/upload/NNEditor/20230829/copy-1693295945-EC95A0EC89AC20EC9890EBA19CEC9AB0201.jpg', '2024-09-18 20:54:04', 105000, 0, 'n', 'n', 100, '애쉬 옐로우', '한글', '은축', 22),
	(344, 'https://leopold.co.kr/web/product/big/202308/916c7bfefde2fd1fbbf7a7dfb2b7ec51.jpg', 'https://leopold.co.kr/web/upload/NNEditor/20230829/copy-1693295945-EC95A0EC89AC20EC9890EBA19CEC9AB0201.jpg', '2024-09-18 20:54:04', 105000, 0, 'n', 'n', 100, '애쉬 옐로우', '영문', '갈축', 22),
	(345, 'https://leopold.co.kr/web/product/big/202308/916c7bfefde2fd1fbbf7a7dfb2b7ec51.jpg', 'https://leopold.co.kr/web/upload/NNEditor/20230829/copy-1693295945-EC95A0EC89AC20EC9890EBA19CEC9AB0201.jpg', '2024-09-18 20:54:04', 105000, 0, 'n', 'n', 100, '애쉬 옐로우', '영문', '청축', 22),
	(346, 'https://leopold.co.kr/web/product/big/202308/916c7bfefde2fd1fbbf7a7dfb2b7ec51.jpg', 'https://leopold.co.kr/web/upload/NNEditor/20230829/copy-1693295945-EC95A0EC89AC20EC9890EBA19CEC9AB0201.jpg', '2024-09-18 20:54:04', 105000, 0, 'n', 'n', 100, '애쉬 옐로우', '영문', '적축', 22),
	(347, 'https://leopold.co.kr/web/product/big/202308/916c7bfefde2fd1fbbf7a7dfb2b7ec51.jpg', 'https://leopold.co.kr/web/upload/NNEditor/20230829/copy-1693295945-EC95A0EC89AC20EC9890EBA19CEC9AB0201.jpg', '2024-09-18 20:54:04', 105000, 0, 'n', 'n', 100, '애쉬 옐로우', '영문', '흑축', 22),
	(348, 'https://leopold.co.kr/web/product/big/202308/916c7bfefde2fd1fbbf7a7dfb2b7ec51.jpg', 'https://leopold.co.kr/web/upload/NNEditor/20230829/copy-1693295945-EC95A0EC89AC20EC9890EBA19CEC9AB0201.jpg', '2024-09-18 20:54:04', 105000, 0, 'n', 'n', 100, '애쉬 옐로우', '영문', '저소음 적축', 22),
	(349, 'https://leopold.co.kr/web/product/big/202308/916c7bfefde2fd1fbbf7a7dfb2b7ec51.jpg', 'https://leopold.co.kr/web/upload/NNEditor/20230829/copy-1693295945-EC95A0EC89AC20EC9890EBA19CEC9AB0201.jpg', '2024-09-18 20:54:04', 105000, 0, 'n', 'n', 100, '애쉬 옐로우', '영문', '백축', 22),
	(350, 'https://leopold.co.kr/web/product/big/202308/916c7bfefde2fd1fbbf7a7dfb2b7ec51.jpg', 'https://leopold.co.kr/web/upload/NNEditor/20230829/copy-1693295945-EC95A0EC89AC20EC9890EBA19CEC9AB0201.jpg', '2024-09-18 20:54:04', 105000, 0, 'n', 'n', 100, '애쉬 옐로우', '영문', '은축', 22),
	(351, 'https://leopold.co.kr/web/product/big/202308/1b3cf4013ac19049f3f663946913f96a.jpg', 'https://leopold.co.kr/web/upload/NNEditor/20230829/EAB7B8EBA088EC9DB420EBB894EBA3A8201.jpg', '2024-09-18 20:58:51', 125000, 0, 'n', 'n', 100, '그레이 블루', '한글', '갈축', 21),
	(352, 'https://leopold.co.kr/web/product/big/202308/1b3cf4013ac19049f3f663946913f96a.jpg', 'https://leopold.co.kr/web/upload/NNEditor/20230829/EAB7B8EBA088EC9DB420EBB894EBA3A8201.jpg', '2024-09-18 20:58:51', 125000, 0, 'n', 'n', 100, '그레이 블루', '한글', '청축', 21),
	(353, 'https://leopold.co.kr/web/product/big/202308/1b3cf4013ac19049f3f663946913f96a.jpg', 'https://leopold.co.kr/web/upload/NNEditor/20230829/EAB7B8EBA088EC9DB420EBB894EBA3A8201.jpg', '2024-09-18 20:58:51', 125000, 0, 'n', 'n', 100, '그레이 블루', '한글', '적축', 21),
	(354, 'https://leopold.co.kr/web/product/big/202308/1b3cf4013ac19049f3f663946913f96a.jpg', 'https://leopold.co.kr/web/upload/NNEditor/20230829/EAB7B8EBA088EC9DB420EBB894EBA3A8201.jpg', '2024-09-18 20:58:51', 125000, 0, 'n', 'n', 100, '그레이 블루', '한글', '흑축', 21),
	(355, 'https://leopold.co.kr/web/product/big/202308/1b3cf4013ac19049f3f663946913f96a.jpg', 'https://leopold.co.kr/web/upload/NNEditor/20230829/EAB7B8EBA088EC9DB420EBB894EBA3A8201.jpg', '2024-09-18 20:58:51', 125000, 0, 'n', 'n', 100, '그레이 블루', '한글', '저소음 적축', 21),
	(356, 'https://leopold.co.kr/web/product/big/202308/1b3cf4013ac19049f3f663946913f96a.jpg', 'https://leopold.co.kr/web/upload/NNEditor/20230829/EAB7B8EBA088EC9DB420EBB894EBA3A8201.jpg', '2024-09-18 20:58:51', 125000, 0, 'n', 'n', 100, '그레이 블루', '한글', '백축', 21),
	(357, 'https://leopold.co.kr/web/product/big/202308/1b3cf4013ac19049f3f663946913f96a.jpg', 'https://leopold.co.kr/web/upload/NNEditor/20230829/EAB7B8EBA088EC9DB420EBB894EBA3A8201.jpg', '2024-09-18 20:58:51', 125000, 0, 'n', 'n', 100, '그레이 블루', '한글', '은축', 21),
	(358, 'https://leopold.co.kr/web/product/big/202308/1b3cf4013ac19049f3f663946913f96a.jpg', 'https://leopold.co.kr/web/upload/NNEditor/20230829/EAB7B8EBA088EC9DB420EBB894EBA3A8201.jpg', '2024-09-18 20:58:51', 125000, 0, 'n', 'n', 100, '그레이 블루', '영문', '갈축', 21),
	(359, 'https://leopold.co.kr/web/product/big/202308/1b3cf4013ac19049f3f663946913f96a.jpg', 'https://leopold.co.kr/web/upload/NNEditor/20230829/EAB7B8EBA088EC9DB420EBB894EBA3A8201.jpg', '2024-09-18 20:58:51', 125000, 0, 'n', 'n', 100, '그레이 블루', '영문', '청축', 21),
	(360, 'https://leopold.co.kr/web/product/big/202308/1b3cf4013ac19049f3f663946913f96a.jpg', 'https://leopold.co.kr/web/upload/NNEditor/20230829/EAB7B8EBA088EC9DB420EBB894EBA3A8201.jpg', '2024-09-18 20:58:51', 125000, 0, 'n', 'n', 100, '그레이 블루', '영문', '적축', 21),
	(361, 'https://leopold.co.kr/web/product/big/202308/1b3cf4013ac19049f3f663946913f96a.jpg', 'https://leopold.co.kr/web/upload/NNEditor/20230829/EAB7B8EBA088EC9DB420EBB894EBA3A8201.jpg', '2024-09-18 20:58:51', 125000, 0, 'n', 'n', 100, '그레이 블루', '영문', '흑축', 21),
	(362, 'https://leopold.co.kr/web/product/big/202308/1b3cf4013ac19049f3f663946913f96a.jpg', 'https://leopold.co.kr/web/upload/NNEditor/20230829/EAB7B8EBA088EC9DB420EBB894EBA3A8201.jpg', '2024-09-18 20:58:51', 125000, 0, 'n', 'n', 100, '그레이 블루', '영문', '저소음 적축', 21),
	(363, 'https://leopold.co.kr/web/product/big/202308/1b3cf4013ac19049f3f663946913f96a.jpg', 'https://leopold.co.kr/web/upload/NNEditor/20230829/EAB7B8EBA088EC9DB420EBB894EBA3A8201.jpg', '2024-09-18 20:58:51', 125000, 0, 'n', 'n', 100, '그레이 블루', '영문', '백축', 21),
	(364, 'https://leopold.co.kr/web/product/big/202308/1b3cf4013ac19049f3f663946913f96a.jpg', 'https://leopold.co.kr/web/upload/NNEditor/20230829/EAB7B8EBA088EC9DB420EBB894EBA3A8201.jpg', '2024-09-18 20:58:51', 125000, 0, 'n', 'n', 100, '그레이 블루', '영문', '은축', 21),
	(365, 'https://leopold.co.kr/web/product/big/202308/0d74a45bac576bb93d4fe48c518eca94.jpg', 'https://leopold.co.kr/web/upload/NNEditor/20230829/EBB894EB9E99201.jpg', '2024-09-18 20:58:51', 125000, 0, 'n', 'n', 100, '블랙', '한글', '갈축', 21),
	(366, 'https://leopold.co.kr/web/product/big/202308/0d74a45bac576bb93d4fe48c518eca94.jpg', 'https://leopold.co.kr/web/upload/NNEditor/20230829/EBB894EB9E99201.jpg', '2024-09-18 20:58:51', 125000, 0, 'n', 'n', 100, '블랙', '한글', '청축', 21),
	(367, 'https://leopold.co.kr/web/product/big/202308/0d74a45bac576bb93d4fe48c518eca94.jpg', 'https://leopold.co.kr/web/upload/NNEditor/20230829/EBB894EB9E99201.jpg', '2024-09-18 20:58:51', 125000, 0, 'n', 'n', 100, '블랙', '한글', '적축', 21),
	(368, 'https://leopold.co.kr/web/product/big/202308/0d74a45bac576bb93d4fe48c518eca94.jpg', 'https://leopold.co.kr/web/upload/NNEditor/20230829/EBB894EB9E99201.jpg', '2024-09-18 20:58:51', 125000, 0, 'n', 'n', 100, '블랙', '한글', '흑축', 21),
	(369, 'https://leopold.co.kr/web/product/big/202308/0d74a45bac576bb93d4fe48c518eca94.jpg', 'https://leopold.co.kr/web/upload/NNEditor/20230829/EBB894EB9E99201.jpg', '2024-09-18 20:58:51', 125000, 0, 'n', 'n', 100, '블랙', '한글', '저소음 적축', 21),
	(370, 'https://leopold.co.kr/web/product/big/202308/0d74a45bac576bb93d4fe48c518eca94.jpg', 'https://leopold.co.kr/web/upload/NNEditor/20230829/EBB894EB9E99201.jpg', '2024-09-18 20:58:51', 125000, 0, 'n', 'n', 100, '블랙', '한글', '백축', 21),
	(371, 'https://leopold.co.kr/web/product/big/202308/0d74a45bac576bb93d4fe48c518eca94.jpg', 'https://leopold.co.kr/web/upload/NNEditor/20230829/EBB894EB9E99201.jpg', '2024-09-18 20:58:51', 125000, 0, 'n', 'n', 100, '블랙', '한글', '은축', 21),
	(372, 'https://leopold.co.kr/web/product/big/202308/0d74a45bac576bb93d4fe48c518eca94.jpg', 'https://leopold.co.kr/web/upload/NNEditor/20230829/EBB894EB9E99201.jpg', '2024-09-18 20:58:51', 125000, 0, 'n', 'n', 100, '블랙', '영문', '갈축', 21),
	(373, 'https://leopold.co.kr/web/product/big/202308/0d74a45bac576bb93d4fe48c518eca94.jpg', 'https://leopold.co.kr/web/upload/NNEditor/20230829/EBB894EB9E99201.jpg', '2024-09-18 20:58:51', 125000, 0, 'n', 'n', 100, '블랙', '영문', '청축', 21),
	(374, 'https://leopold.co.kr/web/product/big/202308/0d74a45bac576bb93d4fe48c518eca94.jpg', 'https://leopold.co.kr/web/upload/NNEditor/20230829/EBB894EB9E99201.jpg', '2024-09-18 20:58:51', 125000, 0, 'n', 'n', 100, '블랙', '영문', '적축', 21),
	(375, 'https://leopold.co.kr/web/product/big/202308/0d74a45bac576bb93d4fe48c518eca94.jpg', 'https://leopold.co.kr/web/upload/NNEditor/20230829/EBB894EB9E99201.jpg', '2024-09-18 20:58:51', 125000, 0, 'n', 'n', 100, '블랙', '영문', '흑축', 21),
	(376, 'https://leopold.co.kr/web/product/big/202308/0d74a45bac576bb93d4fe48c518eca94.jpg', 'https://leopold.co.kr/web/upload/NNEditor/20230829/EBB894EB9E99201.jpg', '2024-09-18 20:58:51', 125000, 0, 'n', 'n', 100, '블랙', '영문', '저소음 적축', 21),
	(377, 'https://leopold.co.kr/web/product/big/202308/0d74a45bac576bb93d4fe48c518eca94.jpg', 'https://leopold.co.kr/web/upload/NNEditor/20230829/EBB894EB9E99201.jpg', '2024-09-18 20:58:51', 125000, 0, 'n', 'n', 100, '블랙', '영문', '백축', 21),
	(378, 'https://leopold.co.kr/web/product/big/202308/0d74a45bac576bb93d4fe48c518eca94.jpg', 'https://leopold.co.kr/web/upload/NNEditor/20230829/EBB894EB9E99201.jpg', '2024-09-18 20:58:51', 125000, 0, 'n', 'n', 100, '블랙', '영문', '은축', 21),
	(379, 'https://leopold.co.kr/web/product/big/202308/09cdcea88a423ef1a4e18aeef95b8ede.jpg', 'https://leopold.co.kr/web/upload/NNEditor/20230829/ED9994EC9DB4ED8AB820EBB894EBA3A8EC8AA4ED83801.jpg', '2024-09-18 20:58:51', 125000, 0, 'n', 'n', 100, '화이트 블루스타', '한글', '갈축', 21),
	(380, 'https://leopold.co.kr/web/product/big/202308/09cdcea88a423ef1a4e18aeef95b8ede.jpg', 'https://leopold.co.kr/web/upload/NNEditor/20230829/ED9994EC9DB4ED8AB820EBB894EBA3A8EC8AA4ED83801.jpg', '2024-09-18 20:58:51', 125000, 0, 'n', 'n', 100, '화이트 블루스타', '한글', '청축', 21),
	(381, 'https://leopold.co.kr/web/product/big/202308/09cdcea88a423ef1a4e18aeef95b8ede.jpg', 'https://leopold.co.kr/web/upload/NNEditor/20230829/ED9994EC9DB4ED8AB820EBB894EBA3A8EC8AA4ED83801.jpg', '2024-09-18 20:58:51', 125000, 0, 'n', 'n', 100, '화이트 블루스타', '한글', '적축', 21),
	(382, 'https://leopold.co.kr/web/product/big/202308/09cdcea88a423ef1a4e18aeef95b8ede.jpg', 'https://leopold.co.kr/web/upload/NNEditor/20230829/ED9994EC9DB4ED8AB820EBB894EBA3A8EC8AA4ED83801.jpg', '2024-09-18 20:58:51', 125000, 0, 'n', 'n', 100, '화이트 블루스타', '한글', '흑축', 21),
	(383, 'https://leopold.co.kr/web/product/big/202308/09cdcea88a423ef1a4e18aeef95b8ede.jpg', 'https://leopold.co.kr/web/upload/NNEditor/20230829/ED9994EC9DB4ED8AB820EBB894EBA3A8EC8AA4ED83801.jpg', '2024-09-18 20:58:51', 125000, 0, 'n', 'n', 100, '화이트 블루스타', '한글', '저소음 적축', 21),
	(384, 'https://leopold.co.kr/web/product/big/202308/09cdcea88a423ef1a4e18aeef95b8ede.jpg', 'https://leopold.co.kr/web/upload/NNEditor/20230829/ED9994EC9DB4ED8AB820EBB894EBA3A8EC8AA4ED83801.jpg', '2024-09-18 20:58:51', 125000, 0, 'n', 'n', 100, '화이트 블루스타', '한글', '백축', 21),
	(385, 'https://leopold.co.kr/web/product/big/202308/09cdcea88a423ef1a4e18aeef95b8ede.jpg', 'https://leopold.co.kr/web/upload/NNEditor/20230829/ED9994EC9DB4ED8AB820EBB894EBA3A8EC8AA4ED83801.jpg', '2024-09-18 20:58:51', 125000, 0, 'n', 'n', 100, '화이트 블루스타', '한글', '은축', 21),
	(386, 'https://leopold.co.kr/web/product/big/202308/09cdcea88a423ef1a4e18aeef95b8ede.jpg', 'https://leopold.co.kr/web/upload/NNEditor/20230829/ED9994EC9DB4ED8AB820EBB894EBA3A8EC8AA4ED83801.jpg', '2024-09-18 20:58:51', 125000, 0, 'n', 'n', 100, '화이트 블루스타', '영문', '갈축', 21),
	(387, 'https://leopold.co.kr/web/product/big/202308/09cdcea88a423ef1a4e18aeef95b8ede.jpg', 'https://leopold.co.kr/web/upload/NNEditor/20230829/ED9994EC9DB4ED8AB820EBB894EBA3A8EC8AA4ED83801.jpg', '2024-09-18 20:58:51', 125000, 0, 'n', 'n', 100, '화이트 블루스타', '영문', '청축', 21),
	(388, 'https://leopold.co.kr/web/product/big/202308/09cdcea88a423ef1a4e18aeef95b8ede.jpg', 'https://leopold.co.kr/web/upload/NNEditor/20230829/ED9994EC9DB4ED8AB820EBB894EBA3A8EC8AA4ED83801.jpg', '2024-09-18 20:58:51', 125000, 0, 'n', 'n', 100, '화이트 블루스타', '영문', '적축', 21),
	(389, 'https://leopold.co.kr/web/product/big/202308/09cdcea88a423ef1a4e18aeef95b8ede.jpg', 'https://leopold.co.kr/web/upload/NNEditor/20230829/ED9994EC9DB4ED8AB820EBB894EBA3A8EC8AA4ED83801.jpg', '2024-09-18 20:58:51', 125000, 0, 'n', 'n', 100, '화이트 블루스타', '영문', '흑축', 21),
	(390, 'https://leopold.co.kr/web/product/big/202308/09cdcea88a423ef1a4e18aeef95b8ede.jpg', 'https://leopold.co.kr/web/upload/NNEditor/20230829/ED9994EC9DB4ED8AB820EBB894EBA3A8EC8AA4ED83801.jpg', '2024-09-18 20:58:51', 125000, 0, 'n', 'n', 100, '화이트 블루스타', '영문', '저소음 적축', 21),
	(391, 'https://leopold.co.kr/web/product/big/202308/09cdcea88a423ef1a4e18aeef95b8ede.jpg', 'https://leopold.co.kr/web/upload/NNEditor/20230829/ED9994EC9DB4ED8AB820EBB894EBA3A8EC8AA4ED83801.jpg', '2024-09-18 20:58:51', 125000, 0, 'n', 'n', 100, '화이트 블루스타', '영문', '백축', 21),
	(392, 'https://leopold.co.kr/web/product/big/202308/09cdcea88a423ef1a4e18aeef95b8ede.jpg', 'https://leopold.co.kr/web/upload/NNEditor/20230829/ED9994EC9DB4ED8AB820EBB894EBA3A8EC8AA4ED83801.jpg', '2024-09-18 20:58:51', 125000, 0, 'n', 'n', 100, '화이트 블루스타', '영문', '은축', 21),
	(393, 'https://leopold.co.kr/web/product/big/202308/add2ef2dfd4041b4a3c19bd2a053e868.jpg', 'https://leopold.co.kr/web/upload/NNEditor/20230829/ED9994EC9DB4ED8AB820ED88ACED86A4201.jpg', '2024-09-18 20:58:51', 125000, 0, 'n', 'n', 100, '화이트 투톤', '한글', '갈축', 21),
	(394, 'https://leopold.co.kr/web/product/big/202308/add2ef2dfd4041b4a3c19bd2a053e868.jpg', 'https://leopold.co.kr/web/upload/NNEditor/20230829/ED9994EC9DB4ED8AB820ED88ACED86A4201.jpg', '2024-09-18 20:58:51', 125000, 0, 'n', 'n', 100, '화이트 투톤', '한글', '청축', 21),
	(395, 'https://leopold.co.kr/web/product/big/202308/add2ef2dfd4041b4a3c19bd2a053e868.jpg', 'https://leopold.co.kr/web/upload/NNEditor/20230829/ED9994EC9DB4ED8AB820ED88ACED86A4201.jpg', '2024-09-18 20:58:51', 125000, 0, 'n', 'n', 100, '화이트 투톤', '한글', '적축', 21),
	(396, 'https://leopold.co.kr/web/product/big/202308/add2ef2dfd4041b4a3c19bd2a053e868.jpg', 'https://leopold.co.kr/web/upload/NNEditor/20230829/ED9994EC9DB4ED8AB820ED88ACED86A4201.jpg', '2024-09-18 20:58:51', 125000, 0, 'n', 'n', 100, '화이트 투톤', '한글', '흑축', 21),
	(397, 'https://leopold.co.kr/web/product/big/202308/add2ef2dfd4041b4a3c19bd2a053e868.jpg', 'https://leopold.co.kr/web/upload/NNEditor/20230829/ED9994EC9DB4ED8AB820ED88ACED86A4201.jpg', '2024-09-18 20:58:51', 125000, 0, 'n', 'n', 100, '화이트 투톤', '한글', '저소음 적축', 21),
	(398, 'https://leopold.co.kr/web/product/big/202308/add2ef2dfd4041b4a3c19bd2a053e868.jpg', 'https://leopold.co.kr/web/upload/NNEditor/20230829/ED9994EC9DB4ED8AB820ED88ACED86A4201.jpg', '2024-09-18 20:58:51', 125000, 0, 'n', 'n', 100, '화이트 투톤', '한글', '백축', 21),
	(399, 'https://leopold.co.kr/web/product/big/202308/add2ef2dfd4041b4a3c19bd2a053e868.jpg', 'https://leopold.co.kr/web/upload/NNEditor/20230829/ED9994EC9DB4ED8AB820ED88ACED86A4201.jpg', '2024-09-18 20:58:51', 125000, 0, 'n', 'n', 100, '화이트 투톤', '한글', '은축', 21),
	(400, 'https://leopold.co.kr/web/product/big/202308/add2ef2dfd4041b4a3c19bd2a053e868.jpg', 'https://leopold.co.kr/web/upload/NNEditor/20230829/ED9994EC9DB4ED8AB820ED88ACED86A4201.jpg', '2024-09-18 20:58:51', 125000, 0, 'n', 'n', 100, '화이트 투톤', '영문', '갈축', 21),
	(401, 'https://leopold.co.kr/web/product/big/202308/add2ef2dfd4041b4a3c19bd2a053e868.jpg', 'https://leopold.co.kr/web/upload/NNEditor/20230829/ED9994EC9DB4ED8AB820ED88ACED86A4201.jpg', '2024-09-18 20:58:51', 125000, 0, 'n', 'n', 100, '화이트 투톤', '영문', '청축', 21),
	(402, 'https://leopold.co.kr/web/product/big/202308/add2ef2dfd4041b4a3c19bd2a053e868.jpg', 'https://leopold.co.kr/web/upload/NNEditor/20230829/ED9994EC9DB4ED8AB820ED88ACED86A4201.jpg', '2024-09-18 20:58:51', 125000, 0, 'n', 'n', 100, '화이트 투톤', '영문', '적축', 21),
	(403, 'https://leopold.co.kr/web/product/big/202308/add2ef2dfd4041b4a3c19bd2a053e868.jpg', 'https://leopold.co.kr/web/upload/NNEditor/20230829/ED9994EC9DB4ED8AB820ED88ACED86A4201.jpg', '2024-09-18 20:58:51', 125000, 0, 'n', 'n', 100, '화이트 투톤', '영문', '흑축', 21),
	(404, 'https://leopold.co.kr/web/product/big/202308/add2ef2dfd4041b4a3c19bd2a053e868.jpg', 'https://leopold.co.kr/web/upload/NNEditor/20230829/ED9994EC9DB4ED8AB820ED88ACED86A4201.jpg', '2024-09-18 20:58:51', 125000, 0, 'n', 'n', 100, '화이트 투톤', '영문', '저소음 적축', 21),
	(405, 'https://leopold.co.kr/web/product/big/202308/add2ef2dfd4041b4a3c19bd2a053e868.jpg', 'https://leopold.co.kr/web/upload/NNEditor/20230829/ED9994EC9DB4ED8AB820ED88ACED86A4201.jpg', '2024-09-18 20:58:51', 125000, 0, 'n', 'n', 100, '화이트 투톤', '영문', '백축', 21),
	(406, 'https://leopold.co.kr/web/product/big/202308/add2ef2dfd4041b4a3c19bd2a053e868.jpg', 'https://leopold.co.kr/web/upload/NNEditor/20230829/ED9994EC9DB4ED8AB820ED88ACED86A4201.jpg', '2024-09-18 20:58:51', 125000, 0, 'n', 'n', 100, '화이트 투톤', '영문', '은축', 21),
	(407, 'https://leopold.co.kr/web/product/big/202308/1b3cf4013ac19049f3f663946913f96a.jpg', 'https://leopold.co.kr/web/upload/NNEditor/20230829/EAB7B8EBA088EC9DB420EBB894EBA3A8201.jpg', '2024-09-18 21:00:06', 125000, 0, 'n', 'n', 100, '그레이 블루', '한글', '갈축', 20),
	(408, 'https://leopold.co.kr/web/product/big/202308/1b3cf4013ac19049f3f663946913f96a.jpg', 'https://leopold.co.kr/web/upload/NNEditor/20230829/EAB7B8EBA088EC9DB420EBB894EBA3A8201.jpg', '2024-09-18 21:00:06', 125000, 0, 'n', 'n', 100, '그레이 블루', '한글', '청축', 20),
	(409, 'https://leopold.co.kr/web/product/big/202308/1b3cf4013ac19049f3f663946913f96a.jpg', 'https://leopold.co.kr/web/upload/NNEditor/20230829/EAB7B8EBA088EC9DB420EBB894EBA3A8201.jpg', '2024-09-18 21:00:06', 125000, 0, 'n', 'n', 100, '그레이 블루', '한글', '적축', 20),
	(410, 'https://leopold.co.kr/web/product/big/202308/1b3cf4013ac19049f3f663946913f96a.jpg', 'https://leopold.co.kr/web/upload/NNEditor/20230829/EAB7B8EBA088EC9DB420EBB894EBA3A8201.jpg', '2024-09-18 21:00:06', 125000, 0, 'n', 'n', 100, '그레이 블루', '한글', '흑축', 20),
	(411, 'https://leopold.co.kr/web/product/big/202308/1b3cf4013ac19049f3f663946913f96a.jpg', 'https://leopold.co.kr/web/upload/NNEditor/20230829/EAB7B8EBA088EC9DB420EBB894EBA3A8201.jpg', '2024-09-18 21:00:06', 125000, 0, 'n', 'n', 100, '그레이 블루', '한글', '저소음 적축', 20),
	(412, 'https://leopold.co.kr/web/product/big/202308/1b3cf4013ac19049f3f663946913f96a.jpg', 'https://leopold.co.kr/web/upload/NNEditor/20230829/EAB7B8EBA088EC9DB420EBB894EBA3A8201.jpg', '2024-09-18 21:00:06', 125000, 0, 'n', 'n', 100, '그레이 블루', '한글', '백축', 20),
	(413, 'https://leopold.co.kr/web/product/big/202308/1b3cf4013ac19049f3f663946913f96a.jpg', 'https://leopold.co.kr/web/upload/NNEditor/20230829/EAB7B8EBA088EC9DB420EBB894EBA3A8201.jpg', '2024-09-18 21:00:06', 125000, 0, 'n', 'n', 100, '그레이 블루', '한글', '은축', 20),
	(414, 'https://leopold.co.kr/web/product/big/202308/1b3cf4013ac19049f3f663946913f96a.jpg', 'https://leopold.co.kr/web/upload/NNEditor/20230829/EAB7B8EBA088EC9DB420EBB894EBA3A8201.jpg', '2024-09-18 21:00:06', 125000, 0, 'n', 'n', 100, '그레이 블루', '영문', '갈축', 20),
	(415, 'https://leopold.co.kr/web/product/big/202308/1b3cf4013ac19049f3f663946913f96a.jpg', 'https://leopold.co.kr/web/upload/NNEditor/20230829/EAB7B8EBA088EC9DB420EBB894EBA3A8201.jpg', '2024-09-18 21:00:06', 125000, 0, 'n', 'n', 100, '그레이 블루', '영문', '청축', 20),
	(416, 'https://leopold.co.kr/web/product/big/202308/1b3cf4013ac19049f3f663946913f96a.jpg', 'https://leopold.co.kr/web/upload/NNEditor/20230829/EAB7B8EBA088EC9DB420EBB894EBA3A8201.jpg', '2024-09-18 21:00:06', 125000, 0, 'n', 'n', 100, '그레이 블루', '영문', '적축', 20),
	(417, 'https://leopold.co.kr/web/product/big/202308/1b3cf4013ac19049f3f663946913f96a.jpg', 'https://leopold.co.kr/web/upload/NNEditor/20230829/EAB7B8EBA088EC9DB420EBB894EBA3A8201.jpg', '2024-09-18 21:00:06', 125000, 0, 'n', 'n', 100, '그레이 블루', '영문', '흑축', 20),
	(418, 'https://leopold.co.kr/web/product/big/202308/1b3cf4013ac19049f3f663946913f96a.jpg', 'https://leopold.co.kr/web/upload/NNEditor/20230829/EAB7B8EBA088EC9DB420EBB894EBA3A8201.jpg', '2024-09-18 21:00:06', 125000, 0, 'n', 'n', 100, '그레이 블루', '영문', '저소음 적축', 20),
	(419, 'https://leopold.co.kr/web/product/big/202308/1b3cf4013ac19049f3f663946913f96a.jpg', 'https://leopold.co.kr/web/upload/NNEditor/20230829/EAB7B8EBA088EC9DB420EBB894EBA3A8201.jpg', '2024-09-18 21:00:06', 125000, 0, 'n', 'n', 100, '그레이 블루', '영문', '백축', 20),
	(420, 'https://leopold.co.kr/web/product/big/202308/1b3cf4013ac19049f3f663946913f96a.jpg', 'https://leopold.co.kr/web/upload/NNEditor/20230829/EAB7B8EBA088EC9DB420EBB894EBA3A8201.jpg', '2024-09-18 21:00:06', 125000, 0, 'n', 'n', 100, '그레이 블루', '영문', '은축', 20),
	(421, 'https://leopold.co.kr/web/product/big/202308/0d74a45bac576bb93d4fe48c518eca94.jpg', 'https://leopold.co.kr/web/upload/NNEditor/20230829/EBB894EB9E99201.jpg', '2024-09-18 21:00:06', 125000, 0, 'n', 'n', 100, '블랙', '한글', '갈축', 20),
	(422, 'https://leopold.co.kr/web/product/big/202308/0d74a45bac576bb93d4fe48c518eca94.jpg', 'https://leopold.co.kr/web/upload/NNEditor/20230829/EBB894EB9E99201.jpg', '2024-09-18 21:00:06', 125000, 0, 'n', 'n', 100, '블랙', '한글', '청축', 20),
	(423, 'https://leopold.co.kr/web/product/big/202308/0d74a45bac576bb93d4fe48c518eca94.jpg', 'https://leopold.co.kr/web/upload/NNEditor/20230829/EBB894EB9E99201.jpg', '2024-09-18 21:00:06', 125000, 0, 'n', 'n', 100, '블랙', '한글', '적축', 20),
	(424, 'https://leopold.co.kr/web/product/big/202308/0d74a45bac576bb93d4fe48c518eca94.jpg', 'https://leopold.co.kr/web/upload/NNEditor/20230829/EBB894EB9E99201.jpg', '2024-09-18 21:00:06', 125000, 0, 'n', 'n', 100, '블랙', '한글', '흑축', 20),
	(425, 'https://leopold.co.kr/web/product/big/202308/0d74a45bac576bb93d4fe48c518eca94.jpg', 'https://leopold.co.kr/web/upload/NNEditor/20230829/EBB894EB9E99201.jpg', '2024-09-18 21:00:06', 125000, 0, 'n', 'n', 100, '블랙', '한글', '저소음 적축', 20),
	(426, 'https://leopold.co.kr/web/product/big/202308/0d74a45bac576bb93d4fe48c518eca94.jpg', 'https://leopold.co.kr/web/upload/NNEditor/20230829/EBB894EB9E99201.jpg', '2024-09-18 21:00:06', 125000, 0, 'n', 'n', 100, '블랙', '한글', '백축', 20),
	(427, 'https://leopold.co.kr/web/product/big/202308/0d74a45bac576bb93d4fe48c518eca94.jpg', 'https://leopold.co.kr/web/upload/NNEditor/20230829/EBB894EB9E99201.jpg', '2024-09-18 21:00:06', 125000, 0, 'n', 'n', 100, '블랙', '한글', '은축', 20),
	(428, 'https://leopold.co.kr/web/product/big/202308/0d74a45bac576bb93d4fe48c518eca94.jpg', 'https://leopold.co.kr/web/upload/NNEditor/20230829/EBB894EB9E99201.jpg', '2024-09-18 21:00:06', 125000, 0, 'n', 'n', 100, '블랙', '영문', '갈축', 20),
	(429, 'https://leopold.co.kr/web/product/big/202308/0d74a45bac576bb93d4fe48c518eca94.jpg', 'https://leopold.co.kr/web/upload/NNEditor/20230829/EBB894EB9E99201.jpg', '2024-09-18 21:00:06', 125000, 0, 'n', 'n', 100, '블랙', '영문', '청축', 20),
	(430, 'https://leopold.co.kr/web/product/big/202308/0d74a45bac576bb93d4fe48c518eca94.jpg', 'https://leopold.co.kr/web/upload/NNEditor/20230829/EBB894EB9E99201.jpg', '2024-09-18 21:00:06', 125000, 0, 'n', 'n', 100, '블랙', '영문', '적축', 20),
	(431, 'https://leopold.co.kr/web/product/big/202308/0d74a45bac576bb93d4fe48c518eca94.jpg', 'https://leopold.co.kr/web/upload/NNEditor/20230829/EBB894EB9E99201.jpg', '2024-09-18 21:00:06', 125000, 0, 'n', 'n', 100, '블랙', '영문', '흑축', 20),
	(432, 'https://leopold.co.kr/web/product/big/202308/0d74a45bac576bb93d4fe48c518eca94.jpg', 'https://leopold.co.kr/web/upload/NNEditor/20230829/EBB894EB9E99201.jpg', '2024-09-18 21:00:06', 125000, 0, 'n', 'n', 100, '블랙', '영문', '저소음 적축', 20),
	(433, 'https://leopold.co.kr/web/product/big/202308/0d74a45bac576bb93d4fe48c518eca94.jpg', 'https://leopold.co.kr/web/upload/NNEditor/20230829/EBB894EB9E99201.jpg', '2024-09-18 21:00:06', 125000, 0, 'n', 'n', 100, '블랙', '영문', '백축', 20),
	(434, 'https://leopold.co.kr/web/product/big/202308/0d74a45bac576bb93d4fe48c518eca94.jpg', 'https://leopold.co.kr/web/upload/NNEditor/20230829/EBB894EB9E99201.jpg', '2024-09-18 21:00:06', 125000, 0, 'n', 'n', 100, '블랙', '영문', '은축', 20),
	(435, 'https://leopold.co.kr/web/product/big/202308/09cdcea88a423ef1a4e18aeef95b8ede.jpg', 'https://leopold.co.kr/web/upload/NNEditor/20230829/ED9994EC9DB4ED8AB820EBB894EBA3A8EC8AA4ED83801.jpg', '2024-09-18 21:00:06', 125000, 0, 'n', 'n', 100, '화이트 블루스타', '한글', '갈축', 20),
	(436, 'https://leopold.co.kr/web/product/big/202308/09cdcea88a423ef1a4e18aeef95b8ede.jpg', 'https://leopold.co.kr/web/upload/NNEditor/20230829/ED9994EC9DB4ED8AB820EBB894EBA3A8EC8AA4ED83801.jpg', '2024-09-18 21:00:06', 125000, 0, 'n', 'n', 100, '화이트 블루스타', '한글', '청축', 20),
	(437, 'https://leopold.co.kr/web/product/big/202308/09cdcea88a423ef1a4e18aeef95b8ede.jpg', 'https://leopold.co.kr/web/upload/NNEditor/20230829/ED9994EC9DB4ED8AB820EBB894EBA3A8EC8AA4ED83801.jpg', '2024-09-18 21:00:06', 125000, 0, 'n', 'n', 100, '화이트 블루스타', '한글', '적축', 20),
	(438, 'https://leopold.co.kr/web/product/big/202308/09cdcea88a423ef1a4e18aeef95b8ede.jpg', 'https://leopold.co.kr/web/upload/NNEditor/20230829/ED9994EC9DB4ED8AB820EBB894EBA3A8EC8AA4ED83801.jpg', '2024-09-18 21:00:06', 125000, 0, 'n', 'n', 100, '화이트 블루스타', '한글', '흑축', 20),
	(439, 'https://leopold.co.kr/web/product/big/202308/09cdcea88a423ef1a4e18aeef95b8ede.jpg', 'https://leopold.co.kr/web/upload/NNEditor/20230829/ED9994EC9DB4ED8AB820EBB894EBA3A8EC8AA4ED83801.jpg', '2024-09-18 21:00:06', 125000, 0, 'n', 'n', 100, '화이트 블루스타', '한글', '저소음 적축', 20),
	(440, 'https://leopold.co.kr/web/product/big/202308/09cdcea88a423ef1a4e18aeef95b8ede.jpg', 'https://leopold.co.kr/web/upload/NNEditor/20230829/ED9994EC9DB4ED8AB820EBB894EBA3A8EC8AA4ED83801.jpg', '2024-09-18 21:00:06', 125000, 0, 'n', 'n', 100, '화이트 블루스타', '한글', '백축', 20),
	(441, 'https://leopold.co.kr/web/product/big/202308/09cdcea88a423ef1a4e18aeef95b8ede.jpg', 'https://leopold.co.kr/web/upload/NNEditor/20230829/ED9994EC9DB4ED8AB820EBB894EBA3A8EC8AA4ED83801.jpg', '2024-09-18 21:00:06', 125000, 0, 'n', 'n', 100, '화이트 블루스타', '한글', '은축', 20),
	(442, 'https://leopold.co.kr/web/product/big/202308/09cdcea88a423ef1a4e18aeef95b8ede.jpg', 'https://leopold.co.kr/web/upload/NNEditor/20230829/ED9994EC9DB4ED8AB820EBB894EBA3A8EC8AA4ED83801.jpg', '2024-09-18 21:00:06', 125000, 0, 'n', 'n', 100, '화이트 블루스타', '영문', '갈축', 20),
	(443, 'https://leopold.co.kr/web/product/big/202308/09cdcea88a423ef1a4e18aeef95b8ede.jpg', 'https://leopold.co.kr/web/upload/NNEditor/20230829/ED9994EC9DB4ED8AB820EBB894EBA3A8EC8AA4ED83801.jpg', '2024-09-18 21:00:06', 125000, 0, 'n', 'n', 100, '화이트 블루스타', '영문', '청축', 20),
	(444, 'https://leopold.co.kr/web/product/big/202308/09cdcea88a423ef1a4e18aeef95b8ede.jpg', 'https://leopold.co.kr/web/upload/NNEditor/20230829/ED9994EC9DB4ED8AB820EBB894EBA3A8EC8AA4ED83801.jpg', '2024-09-18 21:00:06', 125000, 0, 'n', 'n', 100, '화이트 블루스타', '영문', '적축', 20),
	(445, 'https://leopold.co.kr/web/product/big/202308/09cdcea88a423ef1a4e18aeef95b8ede.jpg', 'https://leopold.co.kr/web/upload/NNEditor/20230829/ED9994EC9DB4ED8AB820EBB894EBA3A8EC8AA4ED83801.jpg', '2024-09-18 21:00:06', 125000, 0, 'n', 'n', 100, '화이트 블루스타', '영문', '흑축', 20),
	(446, 'https://leopold.co.kr/web/product/big/202308/09cdcea88a423ef1a4e18aeef95b8ede.jpg', 'https://leopold.co.kr/web/upload/NNEditor/20230829/ED9994EC9DB4ED8AB820EBB894EBA3A8EC8AA4ED83801.jpg', '2024-09-18 21:00:06', 125000, 0, 'n', 'n', 100, '화이트 블루스타', '영문', '저소음 적축', 20),
	(447, 'https://leopold.co.kr/web/product/big/202308/09cdcea88a423ef1a4e18aeef95b8ede.jpg', 'https://leopold.co.kr/web/upload/NNEditor/20230829/ED9994EC9DB4ED8AB820EBB894EBA3A8EC8AA4ED83801.jpg', '2024-09-18 21:00:06', 125000, 0, 'n', 'n', 100, '화이트 블루스타', '영문', '백축', 20),
	(448, 'https://leopold.co.kr/web/product/big/202308/09cdcea88a423ef1a4e18aeef95b8ede.jpg', 'https://leopold.co.kr/web/upload/NNEditor/20230829/ED9994EC9DB4ED8AB820EBB894EBA3A8EC8AA4ED83801.jpg', '2024-09-18 21:00:06', 125000, 0, 'n', 'n', 100, '화이트 블루스타', '영문', '은축', 20),
	(449, 'https://leopold.co.kr/web/product/big/202402/4445ef072089de624e60d3eb2caf3ea4.jpg', 'https://leopold.co.kr/web/upload/NNEditor/20240205/copy-1707109100-FC900R_MX2A_Swedish20White201.jpg', '2024-09-18 21:09:01', 105000, 0, 'n', 'n', 100, '스웨디시 화이트', '한글', '갈축', 18),
	(450, 'https://leopold.co.kr/web/product/big/202402/4445ef072089de624e60d3eb2caf3ea4.jpg', 'https://leopold.co.kr/web/upload/NNEditor/20240205/copy-1707109100-FC900R_MX2A_Swedish20White201.jpg', '2024-09-18 21:09:01', 105000, 0, 'n', 'n', 100, '스웨디시 화이트', '한글', '청축', 18),
	(451, 'https://leopold.co.kr/web/product/big/202402/4445ef072089de624e60d3eb2caf3ea4.jpg', 'https://leopold.co.kr/web/upload/NNEditor/20240205/copy-1707109100-FC900R_MX2A_Swedish20White201.jpg', '2024-09-18 21:09:01', 105000, 0, 'n', 'n', 100, '스웨디시 화이트', '한글', '적축', 18),
	(452, 'https://leopold.co.kr/web/product/big/202402/4445ef072089de624e60d3eb2caf3ea4.jpg', 'https://leopold.co.kr/web/upload/NNEditor/20240205/copy-1707109100-FC900R_MX2A_Swedish20White201.jpg', '2024-09-18 21:09:01', 105000, 0, 'n', 'n', 100, '스웨디시 화이트', '한글', '흑축', 18),
	(453, 'https://leopold.co.kr/web/product/big/202402/4445ef072089de624e60d3eb2caf3ea4.jpg', 'https://leopold.co.kr/web/upload/NNEditor/20240205/copy-1707109100-FC900R_MX2A_Swedish20White201.jpg', '2024-09-18 21:09:01', 105000, 0, 'n', 'n', 100, '스웨디시 화이트', '한글', '저소음 적축', 18),
	(454, 'https://leopold.co.kr/web/product/big/202402/4445ef072089de624e60d3eb2caf3ea4.jpg', 'https://leopold.co.kr/web/upload/NNEditor/20240205/copy-1707109100-FC900R_MX2A_Swedish20White201.jpg', '2024-09-18 21:09:01', 105000, 0, 'n', 'n', 100, '스웨디시 화이트', '한글', '백축', 18),
	(455, 'https://leopold.co.kr/web/product/big/202402/4445ef072089de624e60d3eb2caf3ea4.jpg', 'https://leopold.co.kr/web/upload/NNEditor/20240205/copy-1707109100-FC900R_MX2A_Swedish20White201.jpg', '2024-09-18 21:09:01', 105000, 0, 'n', 'n', 100, '스웨디시 화이트', '한글', '은축', 18),
	(456, 'https://leopold.co.kr/web/product/big/202402/4445ef072089de624e60d3eb2caf3ea4.jpg', 'https://leopold.co.kr/web/upload/NNEditor/20240205/copy-1707109100-FC900R_MX2A_Swedish20White201.jpg', '2024-09-18 21:09:01', 105000, 0, 'n', 'n', 100, '스웨디시 화이트', '영문', '갈축', 18),
	(457, 'https://leopold.co.kr/web/product/big/202402/4445ef072089de624e60d3eb2caf3ea4.jpg', 'https://leopold.co.kr/web/upload/NNEditor/20240205/copy-1707109100-FC900R_MX2A_Swedish20White201.jpg', '2024-09-18 21:09:01', 105000, 0, 'n', 'n', 100, '스웨디시 화이트', '영문', '청축', 18),
	(458, 'https://leopold.co.kr/web/product/big/202402/4445ef072089de624e60d3eb2caf3ea4.jpg', 'https://leopold.co.kr/web/upload/NNEditor/20240205/copy-1707109100-FC900R_MX2A_Swedish20White201.jpg', '2024-09-18 21:09:01', 105000, 0, 'n', 'n', 100, '스웨디시 화이트', '영문', '적축', 18),
	(459, 'https://leopold.co.kr/web/product/big/202402/4445ef072089de624e60d3eb2caf3ea4.jpg', 'https://leopold.co.kr/web/upload/NNEditor/20240205/copy-1707109100-FC900R_MX2A_Swedish20White201.jpg', '2024-09-18 21:09:01', 105000, 0, 'n', 'n', 100, '스웨디시 화이트', '영문', '흑축', 18),
	(460, 'https://leopold.co.kr/web/product/big/202402/4445ef072089de624e60d3eb2caf3ea4.jpg', 'https://leopold.co.kr/web/upload/NNEditor/20240205/copy-1707109100-FC900R_MX2A_Swedish20White201.jpg', '2024-09-18 21:09:01', 105000, 0, 'n', 'n', 100, '스웨디시 화이트', '영문', '저소음 적축', 18),
	(461, 'https://leopold.co.kr/web/product/big/202402/4445ef072089de624e60d3eb2caf3ea4.jpg', 'https://leopold.co.kr/web/upload/NNEditor/20240205/copy-1707109100-FC900R_MX2A_Swedish20White201.jpg', '2024-09-18 21:09:01', 105000, 0, 'n', 'n', 100, '스웨디시 화이트', '영문', '백축', 18),
	(462, 'https://leopold.co.kr/web/product/big/202402/4445ef072089de624e60d3eb2caf3ea4.jpg', 'https://leopold.co.kr/web/upload/NNEditor/20240205/copy-1707109100-FC900R_MX2A_Swedish20White201.jpg', '2024-09-18 21:09:01', 105000, 0, 'n', 'n', 100, '스웨디시 화이트', '영문', '은축', 18),
	(463, 'https://leopold.co.kr/web/product/big/202308/62d1bc0e743d2f3103a7691258bc19c1.jpg', 'https://leopold.co.kr/web/upload/NNEditor/20230829/980CEC9881EBACB8.jpg', '2024-09-18 21:20:16', 265000, 0.2, 'n', 'n', 100, '화이트', '한글', '갈축', 25),
	(464, 'https://leopold.co.kr/web/product/big/202308/62d1bc0e743d2f3103a7691258bc19c1.jpg', 'https://leopold.co.kr/web/upload/NNEditor/20230829/980CEC9881EBACB8.jpg', '2024-09-18 21:20:16', 265000, 0.2, 'n', 'n', 100, '화이트', '한글', '청축', 25),
	(465, 'https://leopold.co.kr/web/product/big/202308/62d1bc0e743d2f3103a7691258bc19c1.jpg', 'https://leopold.co.kr/web/upload/NNEditor/20230829/980CEC9881EBACB8.jpg', '2024-09-18 21:20:16', 265000, 0.2, 'n', 'n', 100, '화이트', '한글', '적축', 25),
	(466, 'https://leopold.co.kr/web/product/big/202308/62d1bc0e743d2f3103a7691258bc19c1.jpg', 'https://leopold.co.kr/web/upload/NNEditor/20230829/980CEC9881EBACB8.jpg', '2024-09-18 21:20:16', 265000, 0.2, 'n', 'n', 100, '화이트', '한글', '흑축', 25),
	(467, 'https://leopold.co.kr/web/product/big/202308/62d1bc0e743d2f3103a7691258bc19c1.jpg', 'https://leopold.co.kr/web/upload/NNEditor/20230829/980CEC9881EBACB8.jpg', '2024-09-18 21:20:16', 265000, 0.2, 'n', 'n', 100, '화이트', '한글', '저소음 적축', 25),
	(468, 'https://leopold.co.kr/web/product/big/202308/62d1bc0e743d2f3103a7691258bc19c1.jpg', 'https://leopold.co.kr/web/upload/NNEditor/20230829/980CEC9881EBACB8.jpg', '2024-09-18 21:20:16', 265000, 0.2, 'n', 'n', 100, '화이트', '한글', '백축', 25),
	(469, 'https://leopold.co.kr/web/product/big/202308/62d1bc0e743d2f3103a7691258bc19c1.jpg', 'https://leopold.co.kr/web/upload/NNEditor/20230829/980CEC9881EBACB8.jpg', '2024-09-18 21:20:16', 265000, 0.2, 'n', 'n', 100, '화이트', '한글', '은축', 25),
	(470, 'https://leopold.co.kr/web/product/big/202308/62d1bc0e743d2f3103a7691258bc19c1.jpg', 'https://leopold.co.kr/web/upload/NNEditor/20230829/980CEC9881EBACB8.jpg', '2024-09-18 21:20:16', 265000, 0.2, 'n', 'n', 100, '화이트', '영문', '갈축', 25),
	(471, 'https://leopold.co.kr/web/product/big/202308/62d1bc0e743d2f3103a7691258bc19c1.jpg', 'https://leopold.co.kr/web/upload/NNEditor/20230829/980CEC9881EBACB8.jpg', '2024-09-18 21:20:16', 265000, 0.2, 'n', 'n', 100, '화이트', '영문', '청축', 25),
	(472, 'https://leopold.co.kr/web/product/big/202308/62d1bc0e743d2f3103a7691258bc19c1.jpg', 'https://leopold.co.kr/web/upload/NNEditor/20230829/980CEC9881EBACB8.jpg', '2024-09-18 21:20:16', 265000, 0.2, 'n', 'n', 100, '화이트', '영문', '적축', 25),
	(473, 'https://leopold.co.kr/web/product/big/202308/62d1bc0e743d2f3103a7691258bc19c1.jpg', 'https://leopold.co.kr/web/upload/NNEditor/20230829/980CEC9881EBACB8.jpg', '2024-09-18 21:20:16', 265000, 0.2, 'n', 'n', 100, '화이트', '영문', '흑축', 25),
	(474, 'https://leopold.co.kr/web/product/big/202308/62d1bc0e743d2f3103a7691258bc19c1.jpg', 'https://leopold.co.kr/web/upload/NNEditor/20230829/980CEC9881EBACB8.jpg', '2024-09-18 21:20:16', 265000, 0.2, 'n', 'n', 100, '화이트', '영문', '저소음 적축', 25),
	(475, 'https://leopold.co.kr/web/product/big/202308/62d1bc0e743d2f3103a7691258bc19c1.jpg', 'https://leopold.co.kr/web/upload/NNEditor/20230829/980CEC9881EBACB8.jpg', '2024-09-18 21:20:16', 265000, 0.2, 'n', 'n', 100, '화이트', '영문', '백축', 25),
	(476, 'https://leopold.co.kr/web/product/big/202308/62d1bc0e743d2f3103a7691258bc19c1.jpg', 'https://leopold.co.kr/web/upload/NNEditor/20230829/980CEC9881EBACB8.jpg', '2024-09-18 21:20:16', 265000, 0.2, 'n', 'n', 100, '화이트', '영문', '은축', 25),
	(477, 'https://leopold.co.kr/web/product/big/202311/3a24027d69d7534a238fd316699e14be.jpg', 'https://leopold.co.kr/web/upload/NNEditor/20231115/900_Gray20Blue201.jpg', '2024-09-18 21:48:40', 178000, 0.1, 'n', 'n', 100, '그레이 블루', '한글', '갈축', 7),
	(478, 'https://leopold.co.kr/web/product/big/202311/3a24027d69d7534a238fd316699e14be.jpg', 'https://leopold.co.kr/web/upload/NNEditor/20231115/900_Gray20Blue201.jpg', '2024-09-18 21:48:40', 178000, 0.1, 'n', 'n', 100, '그레이 블루', '한글', '청축', 7),
	(479, 'https://leopold.co.kr/web/product/big/202311/3a24027d69d7534a238fd316699e14be.jpg', 'https://leopold.co.kr/web/upload/NNEditor/20231115/900_Gray20Blue201.jpg', '2024-09-18 21:48:40', 178000, 0.1, 'n', 'n', 100, '그레이 블루', '한글', '적축', 7),
	(480, 'https://leopold.co.kr/web/product/big/202311/3a24027d69d7534a238fd316699e14be.jpg', 'https://leopold.co.kr/web/upload/NNEditor/20231115/900_Gray20Blue201.jpg', '2024-09-18 21:48:40', 178000, 0.1, 'n', 'n', 100, '그레이 블루', '한글', '흑축', 7),
	(481, 'https://leopold.co.kr/web/product/big/202311/3a24027d69d7534a238fd316699e14be.jpg', 'https://leopold.co.kr/web/upload/NNEditor/20231115/900_Gray20Blue201.jpg', '2024-09-18 21:48:40', 178000, 0.1, 'n', 'n', 100, '그레이 블루', '한글', '저소음 적축', 7),
	(482, 'https://leopold.co.kr/web/product/big/202311/3a24027d69d7534a238fd316699e14be.jpg', 'https://leopold.co.kr/web/upload/NNEditor/20231115/900_Gray20Blue201.jpg', '2024-09-18 21:48:40', 178000, 0.1, 'n', 'n', 100, '그레이 블루', '한글', '백축', 7),
	(483, 'https://leopold.co.kr/web/product/big/202311/3a24027d69d7534a238fd316699e14be.jpg', 'https://leopold.co.kr/web/upload/NNEditor/20231115/900_Gray20Blue201.jpg', '2024-09-18 21:48:40', 178000, 0.1, 'n', 'n', 100, '그레이 블루', '한글', '은축', 7),
	(484, 'https://leopold.co.kr/web/product/big/202311/3a24027d69d7534a238fd316699e14be.jpg', 'https://leopold.co.kr/web/upload/NNEditor/20231115/900_Gray20Blue201.jpg', '2024-09-18 21:48:40', 178000, 0.1, 'n', 'n', 100, '그레이 블루', '영문', '갈축', 7),
	(485, 'https://leopold.co.kr/web/product/big/202311/3a24027d69d7534a238fd316699e14be.jpg', 'https://leopold.co.kr/web/upload/NNEditor/20231115/900_Gray20Blue201.jpg', '2024-09-18 21:48:40', 178000, 0.1, 'n', 'n', 100, '그레이 블루', '영문', '청축', 7),
	(486, 'https://leopold.co.kr/web/product/big/202311/3a24027d69d7534a238fd316699e14be.jpg', 'https://leopold.co.kr/web/upload/NNEditor/20231115/900_Gray20Blue201.jpg', '2024-09-18 21:48:40', 178000, 0.1, 'n', 'n', 100, '그레이 블루', '영문', '적축', 7),
	(487, 'https://leopold.co.kr/web/product/big/202311/3a24027d69d7534a238fd316699e14be.jpg', 'https://leopold.co.kr/web/upload/NNEditor/20231115/900_Gray20Blue201.jpg', '2024-09-18 21:48:40', 178000, 0.1, 'n', 'n', 100, '그레이 블루', '영문', '흑축', 7),
	(488, 'https://leopold.co.kr/web/product/big/202311/3a24027d69d7534a238fd316699e14be.jpg', 'https://leopold.co.kr/web/upload/NNEditor/20231115/900_Gray20Blue201.jpg', '2024-09-18 21:48:40', 178000, 0.1, 'n', 'n', 100, '그레이 블루', '영문', '저소음 적축', 7),
	(489, 'https://leopold.co.kr/web/product/big/202311/3a24027d69d7534a238fd316699e14be.jpg', 'https://leopold.co.kr/web/upload/NNEditor/20231115/900_Gray20Blue201.jpg', '2024-09-18 21:48:40', 178000, 0.1, 'n', 'n', 100, '그레이 블루', '영문', '백축', 7),
	(490, 'https://leopold.co.kr/web/product/big/202311/3a24027d69d7534a238fd316699e14be.jpg', 'https://leopold.co.kr/web/upload/NNEditor/20231115/900_Gray20Blue201.jpg', '2024-09-18 21:48:40', 178000, 0.1, 'n', 'n', 100, '그레이 블루', '영문', '은축', 7),
	(491, 'https://leopold.co.kr/web/product/big/202406/cf243825b99018de8d2b941e4f73df05.jpg', 'https://leopold.co.kr/web/upload/NNEditor/20240603/900RBT_White2Tone_1.jpg', '2024-09-18 21:48:40', 178000, 0.1, 'n', 'n', 100, '화이트 투톤', '한글', '갈축', 7),
	(492, 'https://leopold.co.kr/web/product/big/202406/cf243825b99018de8d2b941e4f73df05.jpg', 'https://leopold.co.kr/web/upload/NNEditor/20240603/900RBT_White2Tone_1.jpg', '2024-09-18 21:48:40', 178000, 0.1, 'n', 'n', 100, '화이트 투톤', '한글', '청축', 7),
	(493, 'https://leopold.co.kr/web/product/big/202406/cf243825b99018de8d2b941e4f73df05.jpg', 'https://leopold.co.kr/web/upload/NNEditor/20240603/900RBT_White2Tone_1.jpg', '2024-09-18 21:48:40', 178000, 0.1, 'n', 'n', 100, '화이트 투톤', '한글', '적축', 7),
	(494, 'https://leopold.co.kr/web/product/big/202406/cf243825b99018de8d2b941e4f73df05.jpg', 'https://leopold.co.kr/web/upload/NNEditor/20240603/900RBT_White2Tone_1.jpg', '2024-09-18 21:48:40', 178000, 0.1, 'n', 'n', 100, '화이트 투톤', '한글', '흑축', 7),
	(495, 'https://leopold.co.kr/web/product/big/202406/cf243825b99018de8d2b941e4f73df05.jpg', 'https://leopold.co.kr/web/upload/NNEditor/20240603/900RBT_White2Tone_1.jpg', '2024-09-18 21:48:40', 178000, 0.1, 'n', 'n', 100, '화이트 투톤', '한글', '저소음 적축', 7),
	(496, 'https://leopold.co.kr/web/product/big/202406/cf243825b99018de8d2b941e4f73df05.jpg', 'https://leopold.co.kr/web/upload/NNEditor/20240603/900RBT_White2Tone_1.jpg', '2024-09-18 21:48:40', 178000, 0.1, 'n', 'n', 100, '화이트 투톤', '한글', '백축', 7),
	(497, 'https://leopold.co.kr/web/product/big/202406/cf243825b99018de8d2b941e4f73df05.jpg', 'https://leopold.co.kr/web/upload/NNEditor/20240603/900RBT_White2Tone_1.jpg', '2024-09-18 21:48:40', 178000, 0.1, 'n', 'n', 100, '화이트 투톤', '한글', '은축', 7),
	(498, 'https://leopold.co.kr/web/product/big/202406/cf243825b99018de8d2b941e4f73df05.jpg', 'https://leopold.co.kr/web/upload/NNEditor/20240603/900RBT_White2Tone_1.jpg', '2024-09-18 21:48:40', 178000, 0.1, 'n', 'n', 100, '화이트 투톤', '영문', '갈축', 7),
	(499, 'https://leopold.co.kr/web/product/big/202406/cf243825b99018de8d2b941e4f73df05.jpg', 'https://leopold.co.kr/web/upload/NNEditor/20240603/900RBT_White2Tone_1.jpg', '2024-09-18 21:48:40', 178000, 0.1, 'n', 'n', 100, '화이트 투톤', '영문', '청축', 7),
	(500, 'https://leopold.co.kr/web/product/big/202406/cf243825b99018de8d2b941e4f73df05.jpg', 'https://leopold.co.kr/web/upload/NNEditor/20240603/900RBT_White2Tone_1.jpg', '2024-09-18 21:48:40', 178000, 0.1, 'n', 'n', 100, '화이트 투톤', '영문', '적축', 7),
	(501, 'https://leopold.co.kr/web/product/big/202406/cf243825b99018de8d2b941e4f73df05.jpg', 'https://leopold.co.kr/web/upload/NNEditor/20240603/900RBT_White2Tone_1.jpg', '2024-09-18 21:48:40', 178000, 0.1, 'n', 'n', 100, '화이트 투톤', '영문', '흑축', 7),
	(502, 'https://leopold.co.kr/web/product/big/202406/cf243825b99018de8d2b941e4f73df05.jpg', 'https://leopold.co.kr/web/upload/NNEditor/20240603/900RBT_White2Tone_1.jpg', '2024-09-18 21:48:40', 178000, 0.1, 'n', 'n', 100, '화이트 투톤', '영문', '저소음 적축', 7),
	(503, 'https://leopold.co.kr/web/product/big/202406/cf243825b99018de8d2b941e4f73df05.jpg', 'https://leopold.co.kr/web/upload/NNEditor/20240603/900RBT_White2Tone_1.jpg', '2024-09-18 21:48:40', 178000, 0.1, 'n', 'n', 100, '화이트 투톤', '영문', '백축', 7),
	(504, 'https://leopold.co.kr/web/product/big/202406/cf243825b99018de8d2b941e4f73df05.jpg', 'https://leopold.co.kr/web/upload/NNEditor/20240603/900RBT_White2Tone_1.jpg', '2024-09-18 21:48:40', 178000, 0.1, 'n', 'n', 100, '화이트 투톤', '영문', '은축', 7),
	(505, 'https://leopold.co.kr/web/product/big/202402/2728058cfec8850a72b5dec21f63e270.jpg', 'https://leopold.co.kr/web/upload/NNEditor/20240205/FC900RBT_KDPD28S29_1.jpg', '2024-09-18 21:48:40', 178000, 0.1, 'n', 'n', 100, '그라파이트 블루', '한글', '갈축', 7),
	(506, 'https://leopold.co.kr/web/product/big/202402/2728058cfec8850a72b5dec21f63e270.jpg', 'https://leopold.co.kr/web/upload/NNEditor/20240205/FC900RBT_KDPD28S29_1.jpg', '2024-09-18 21:48:40', 178000, 0.1, 'n', 'n', 100, '그라파이트 블루', '한글', '청축', 7),
	(507, 'https://leopold.co.kr/web/product/big/202402/2728058cfec8850a72b5dec21f63e270.jpg', 'https://leopold.co.kr/web/upload/NNEditor/20240205/FC900RBT_KDPD28S29_1.jpg', '2024-09-18 21:48:40', 178000, 0.1, 'n', 'n', 100, '그라파이트 블루', '한글', '적축', 7),
	(508, 'https://leopold.co.kr/web/product/big/202402/2728058cfec8850a72b5dec21f63e270.jpg', 'https://leopold.co.kr/web/upload/NNEditor/20240205/FC900RBT_KDPD28S29_1.jpg', '2024-09-18 21:48:40', 178000, 0.1, 'n', 'n', 100, '그라파이트 블루', '한글', '흑축', 7),
	(509, 'https://leopold.co.kr/web/product/big/202402/2728058cfec8850a72b5dec21f63e270.jpg', 'https://leopold.co.kr/web/upload/NNEditor/20240205/FC900RBT_KDPD28S29_1.jpg', '2024-09-18 21:48:40', 178000, 0.1, 'n', 'n', 100, '그라파이트 블루', '한글', '저소음 적축', 7),
	(510, 'https://leopold.co.kr/web/product/big/202402/2728058cfec8850a72b5dec21f63e270.jpg', 'https://leopold.co.kr/web/upload/NNEditor/20240205/FC900RBT_KDPD28S29_1.jpg', '2024-09-18 21:48:40', 178000, 0.1, 'n', 'n', 100, '그라파이트 블루', '한글', '백축', 7),
	(511, 'https://leopold.co.kr/web/product/big/202402/2728058cfec8850a72b5dec21f63e270.jpg', 'https://leopold.co.kr/web/upload/NNEditor/20240205/FC900RBT_KDPD28S29_1.jpg', '2024-09-18 21:48:40', 178000, 0.1, 'n', 'n', 100, '그라파이트 블루', '한글', '은축', 7),
	(512, 'https://leopold.co.kr/web/product/big/202402/2728058cfec8850a72b5dec21f63e270.jpg', 'https://leopold.co.kr/web/upload/NNEditor/20240205/FC900RBT_KDPD28S29_1.jpg', '2024-09-18 21:48:40', 178000, 0.1, 'n', 'n', 100, '그라파이트 블루', '영문', '갈축', 7),
	(513, 'https://leopold.co.kr/web/product/big/202402/2728058cfec8850a72b5dec21f63e270.jpg', 'https://leopold.co.kr/web/upload/NNEditor/20240205/FC900RBT_KDPD28S29_1.jpg', '2024-09-18 21:48:40', 178000, 0.1, 'n', 'n', 100, '그라파이트 블루', '영문', '청축', 7),
	(514, 'https://leopold.co.kr/web/product/big/202402/2728058cfec8850a72b5dec21f63e270.jpg', 'https://leopold.co.kr/web/upload/NNEditor/20240205/FC900RBT_KDPD28S29_1.jpg', '2024-09-18 21:48:40', 178000, 0.1, 'n', 'n', 100, '그라파이트 블루', '영문', '적축', 7),
	(515, 'https://leopold.co.kr/web/product/big/202402/2728058cfec8850a72b5dec21f63e270.jpg', 'https://leopold.co.kr/web/upload/NNEditor/20240205/FC900RBT_KDPD28S29_1.jpg', '2024-09-18 21:48:40', 178000, 0.1, 'n', 'n', 100, '그라파이트 블루', '영문', '흑축', 7),
	(516, 'https://leopold.co.kr/web/product/big/202402/2728058cfec8850a72b5dec21f63e270.jpg', 'https://leopold.co.kr/web/upload/NNEditor/20240205/FC900RBT_KDPD28S29_1.jpg', '2024-09-18 21:48:40', 178000, 0.1, 'n', 'n', 100, '그라파이트 블루', '영문', '저소음 적축', 7),
	(517, 'https://leopold.co.kr/web/product/big/202402/2728058cfec8850a72b5dec21f63e270.jpg', 'https://leopold.co.kr/web/upload/NNEditor/20240205/FC900RBT_KDPD28S29_1.jpg', '2024-09-18 21:48:40', 178000, 0.1, 'n', 'n', 100, '그라파이트 블루', '영문', '백축', 7),
	(518, 'https://leopold.co.kr/web/product/big/202402/2728058cfec8850a72b5dec21f63e270.jpg', 'https://leopold.co.kr/web/upload/NNEditor/20240205/FC900RBT_KDPD28S29_1.jpg', '2024-09-18 21:48:40', 178000, 0.1, 'n', 'n', 100, '그라파이트 블루', '영문', '은축', 7),
	(519, 'https://leopold.co.kr/web/product/big/202308/ffcba4a9c6941580a2b30105e8d04745.jpg', 'https://leopold.co.kr/web/upload/NNEditor/20230829/FC900RBT_1.jpg', '2024-09-18 21:56:09', 146000, 0.1, 'n', 'n', 100, '그레이 블루', '한글', '갈축', 8),
	(520, 'https://leopold.co.kr/web/product/big/202308/ffcba4a9c6941580a2b30105e8d04745.jpg', 'https://leopold.co.kr/web/upload/NNEditor/20230829/FC900RBT_1.jpg', '2024-09-18 21:56:09', 146000, 0.1, 'n', 'n', 100, '그레이 블루', '한글', '청축', 8),
	(521, 'https://leopold.co.kr/web/product/big/202308/ffcba4a9c6941580a2b30105e8d04745.jpg', 'https://leopold.co.kr/web/upload/NNEditor/20230829/FC900RBT_1.jpg', '2024-09-18 21:56:09', 146000, 0.1, 'n', 'n', 100, '그레이 블루', '한글', '적축', 8),
	(522, 'https://leopold.co.kr/web/product/big/202308/ffcba4a9c6941580a2b30105e8d04745.jpg', 'https://leopold.co.kr/web/upload/NNEditor/20230829/FC900RBT_1.jpg', '2024-09-18 21:56:09', 146000, 0.1, 'n', 'n', 100, '그레이 블루', '한글', '흑축', 8),
	(523, 'https://leopold.co.kr/web/product/big/202308/ffcba4a9c6941580a2b30105e8d04745.jpg', 'https://leopold.co.kr/web/upload/NNEditor/20230829/FC900RBT_1.jpg', '2024-09-18 21:56:09', 146000, 0.1, 'n', 'n', 100, '그레이 블루', '한글', '저소음 적축', 8),
	(524, 'https://leopold.co.kr/web/product/big/202308/ffcba4a9c6941580a2b30105e8d04745.jpg', 'https://leopold.co.kr/web/upload/NNEditor/20230829/FC900RBT_1.jpg', '2024-09-18 21:56:09', 146000, 0.1, 'n', 'n', 100, '그레이 블루', '한글', '백축', 8),
	(525, 'https://leopold.co.kr/web/product/big/202308/ffcba4a9c6941580a2b30105e8d04745.jpg', 'https://leopold.co.kr/web/upload/NNEditor/20230829/FC900RBT_1.jpg', '2024-09-18 21:56:09', 146000, 0.1, 'n', 'n', 100, '그레이 블루', '한글', '은축', 8),
	(526, 'https://leopold.co.kr/web/product/big/202308/ffcba4a9c6941580a2b30105e8d04745.jpg', 'https://leopold.co.kr/web/upload/NNEditor/20230829/FC900RBT_1.jpg', '2024-09-18 21:56:09', 146000, 0.1, 'n', 'n', 100, '그레이 블루', '영문', '갈축', 8),
	(527, 'https://leopold.co.kr/web/product/big/202308/ffcba4a9c6941580a2b30105e8d04745.jpg', 'https://leopold.co.kr/web/upload/NNEditor/20230829/FC900RBT_1.jpg', '2024-09-18 21:56:09', 146000, 0.1, 'n', 'n', 100, '그레이 블루', '영문', '청축', 8),
	(528, 'https://leopold.co.kr/web/product/big/202308/ffcba4a9c6941580a2b30105e8d04745.jpg', 'https://leopold.co.kr/web/upload/NNEditor/20230829/FC900RBT_1.jpg', '2024-09-18 21:56:09', 146000, 0.1, 'n', 'n', 100, '그레이 블루', '영문', '적축', 8),
	(529, 'https://leopold.co.kr/web/product/big/202308/ffcba4a9c6941580a2b30105e8d04745.jpg', 'https://leopold.co.kr/web/upload/NNEditor/20230829/FC900RBT_1.jpg', '2024-09-18 21:56:09', 146000, 0.1, 'n', 'n', 100, '그레이 블루', '영문', '흑축', 8),
	(530, 'https://leopold.co.kr/web/product/big/202308/ffcba4a9c6941580a2b30105e8d04745.jpg', 'https://leopold.co.kr/web/upload/NNEditor/20230829/FC900RBT_1.jpg', '2024-09-18 21:56:09', 146000, 0.1, 'n', 'n', 100, '그레이 블루', '영문', '저소음 적축', 8),
	(531, 'https://leopold.co.kr/web/product/big/202308/ffcba4a9c6941580a2b30105e8d04745.jpg', 'https://leopold.co.kr/web/upload/NNEditor/20230829/FC900RBT_1.jpg', '2024-09-18 21:56:09', 146000, 0.1, 'n', 'n', 100, '그레이 블루', '영문', '백축', 8),
	(532, 'https://leopold.co.kr/web/product/big/202308/ffcba4a9c6941580a2b30105e8d04745.jpg', 'https://leopold.co.kr/web/upload/NNEditor/20230829/FC900RBT_1.jpg', '2024-09-18 21:56:09', 146000, 0.1, 'n', 'n', 100, '그레이 블루', '영문', '은축', 8),
	(533, 'https://leopold.co.kr/web/product/big/202308/aaad41e5aacbe29e60078b36f7c18887.jpg', 'https://leopold.co.kr/web/upload/NNEditor/20230822/900RBT_White2Tone20DB.jpg', '2024-09-18 21:56:09', 146000, 0.1, 'n', 'n', 100, '화이트 투톤', '한글', '갈축', 8),
	(534, 'https://leopold.co.kr/web/product/big/202308/aaad41e5aacbe29e60078b36f7c18887.jpg', 'https://leopold.co.kr/web/upload/NNEditor/20230822/900RBT_White2Tone20DB.jpg', '2024-09-18 21:56:09', 146000, 0.1, 'n', 'n', 100, '화이트 투톤', '한글', '청축', 8),
	(535, 'https://leopold.co.kr/web/product/big/202308/aaad41e5aacbe29e60078b36f7c18887.jpg', 'https://leopold.co.kr/web/upload/NNEditor/20230822/900RBT_White2Tone20DB.jpg', '2024-09-18 21:56:09', 146000, 0.1, 'n', 'n', 100, '화이트 투톤', '한글', '적축', 8),
	(536, 'https://leopold.co.kr/web/product/big/202308/aaad41e5aacbe29e60078b36f7c18887.jpg', 'https://leopold.co.kr/web/upload/NNEditor/20230822/900RBT_White2Tone20DB.jpg', '2024-09-18 21:56:09', 146000, 0.1, 'n', 'n', 100, '화이트 투톤', '한글', '흑축', 8),
	(537, 'https://leopold.co.kr/web/product/big/202308/aaad41e5aacbe29e60078b36f7c18887.jpg', 'https://leopold.co.kr/web/upload/NNEditor/20230822/900RBT_White2Tone20DB.jpg', '2024-09-18 21:56:09', 146000, 0.1, 'n', 'n', 100, '화이트 투톤', '한글', '저소음 적축', 8),
	(538, 'https://leopold.co.kr/web/product/big/202308/aaad41e5aacbe29e60078b36f7c18887.jpg', 'https://leopold.co.kr/web/upload/NNEditor/20230822/900RBT_White2Tone20DB.jpg', '2024-09-18 21:56:09', 146000, 0.1, 'n', 'n', 100, '화이트 투톤', '한글', '백축', 8),
	(539, 'https://leopold.co.kr/web/product/big/202308/aaad41e5aacbe29e60078b36f7c18887.jpg', 'https://leopold.co.kr/web/upload/NNEditor/20230822/900RBT_White2Tone20DB.jpg', '2024-09-18 21:56:09', 146000, 0.1, 'n', 'n', 100, '화이트 투톤', '한글', '은축', 8),
	(540, 'https://leopold.co.kr/web/product/big/202308/aaad41e5aacbe29e60078b36f7c18887.jpg', 'https://leopold.co.kr/web/upload/NNEditor/20230822/900RBT_White2Tone20DB.jpg', '2024-09-18 21:56:09', 146000, 0.1, 'n', 'n', 100, '화이트 투톤', '영문', '갈축', 8),
	(541, 'https://leopold.co.kr/web/product/big/202308/aaad41e5aacbe29e60078b36f7c18887.jpg', 'https://leopold.co.kr/web/upload/NNEditor/20230822/900RBT_White2Tone20DB.jpg', '2024-09-18 21:56:09', 146000, 0.1, 'n', 'n', 100, '화이트 투톤', '영문', '청축', 8),
	(542, 'https://leopold.co.kr/web/product/big/202308/aaad41e5aacbe29e60078b36f7c18887.jpg', 'https://leopold.co.kr/web/upload/NNEditor/20230822/900RBT_White2Tone20DB.jpg', '2024-09-18 21:56:09', 146000, 0.1, 'n', 'n', 100, '화이트 투톤', '영문', '적축', 8),
	(543, 'https://leopold.co.kr/web/product/big/202308/aaad41e5aacbe29e60078b36f7c18887.jpg', 'https://leopold.co.kr/web/upload/NNEditor/20230822/900RBT_White2Tone20DB.jpg', '2024-09-18 21:56:09', 146000, 0.1, 'n', 'n', 100, '화이트 투톤', '영문', '흑축', 8),
	(544, 'https://leopold.co.kr/web/product/big/202308/aaad41e5aacbe29e60078b36f7c18887.jpg', 'https://leopold.co.kr/web/upload/NNEditor/20230822/900RBT_White2Tone20DB.jpg', '2024-09-18 21:56:09', 146000, 0.1, 'n', 'n', 100, '화이트 투톤', '영문', '저소음 적축', 8),
	(545, 'https://leopold.co.kr/web/product/big/202308/aaad41e5aacbe29e60078b36f7c18887.jpg', 'https://leopold.co.kr/web/upload/NNEditor/20230822/900RBT_White2Tone20DB.jpg', '2024-09-18 21:56:09', 146000, 0.1, 'n', 'n', 100, '화이트 투톤', '영문', '백축', 8),
	(546, 'https://leopold.co.kr/web/product/big/202308/aaad41e5aacbe29e60078b36f7c18887.jpg', 'https://leopold.co.kr/web/upload/NNEditor/20230822/900RBT_White2Tone20DB.jpg', '2024-09-18 21:56:09', 146000, 0.1, 'n', 'n', 100, '화이트 투톤', '영문', '은축', 8),
	(547, 'https://leopold.co.kr/web/product/big/202308/f1c9cbb7a53a7c4c5dcfd29d8030232c.jpg', 'https://leopold.co.kr/web/upload/NNEditor/20230829/900RBT_ECB0A8ECBD9C20EBB894EBA3A81.jpg', '2024-09-18 21:56:09', 146000, 0.1, 'n', 'n', 100, '차콜 블루', '한글', '갈축', 8),
	(548, 'https://leopold.co.kr/web/product/big/202308/f1c9cbb7a53a7c4c5dcfd29d8030232c.jpg', 'https://leopold.co.kr/web/upload/NNEditor/20230829/900RBT_ECB0A8ECBD9C20EBB894EBA3A81.jpg', '2024-09-18 21:56:09', 146000, 0.1, 'n', 'n', 100, '차콜 블루', '한글', '청축', 8),
	(549, 'https://leopold.co.kr/web/product/big/202308/f1c9cbb7a53a7c4c5dcfd29d8030232c.jpg', 'https://leopold.co.kr/web/upload/NNEditor/20230829/900RBT_ECB0A8ECBD9C20EBB894EBA3A81.jpg', '2024-09-18 21:56:09', 146000, 0.1, 'n', 'n', 100, '차콜 블루', '한글', '적축', 8),
	(550, 'https://leopold.co.kr/web/product/big/202308/f1c9cbb7a53a7c4c5dcfd29d8030232c.jpg', 'https://leopold.co.kr/web/upload/NNEditor/20230829/900RBT_ECB0A8ECBD9C20EBB894EBA3A81.jpg', '2024-09-18 21:56:09', 146000, 0.1, 'n', 'n', 100, '차콜 블루', '한글', '흑축', 8),
	(551, 'https://leopold.co.kr/web/product/big/202308/f1c9cbb7a53a7c4c5dcfd29d8030232c.jpg', 'https://leopold.co.kr/web/upload/NNEditor/20230829/900RBT_ECB0A8ECBD9C20EBB894EBA3A81.jpg', '2024-09-18 21:56:09', 146000, 0.1, 'n', 'n', 100, '차콜 블루', '한글', '저소음 적축', 8),
	(552, 'https://leopold.co.kr/web/product/big/202308/f1c9cbb7a53a7c4c5dcfd29d8030232c.jpg', 'https://leopold.co.kr/web/upload/NNEditor/20230829/900RBT_ECB0A8ECBD9C20EBB894EBA3A81.jpg', '2024-09-18 21:56:09', 146000, 0.1, 'n', 'n', 100, '차콜 블루', '한글', '백축', 8),
	(553, 'https://leopold.co.kr/web/product/big/202308/f1c9cbb7a53a7c4c5dcfd29d8030232c.jpg', 'https://leopold.co.kr/web/upload/NNEditor/20230829/900RBT_ECB0A8ECBD9C20EBB894EBA3A81.jpg', '2024-09-18 21:56:09', 146000, 0.1, 'n', 'n', 100, '차콜 블루', '한글', '은축', 8),
	(554, 'https://leopold.co.kr/web/product/big/202308/f1c9cbb7a53a7c4c5dcfd29d8030232c.jpg', 'https://leopold.co.kr/web/upload/NNEditor/20230829/900RBT_ECB0A8ECBD9C20EBB894EBA3A81.jpg', '2024-09-18 21:56:09', 146000, 0.1, 'n', 'n', 100, '차콜 블루', '영문', '갈축', 8),
	(555, 'https://leopold.co.kr/web/product/big/202308/f1c9cbb7a53a7c4c5dcfd29d8030232c.jpg', 'https://leopold.co.kr/web/upload/NNEditor/20230829/900RBT_ECB0A8ECBD9C20EBB894EBA3A81.jpg', '2024-09-18 21:56:09', 146000, 0.1, 'n', 'n', 100, '차콜 블루', '영문', '청축', 8),
	(556, 'https://leopold.co.kr/web/product/big/202308/f1c9cbb7a53a7c4c5dcfd29d8030232c.jpg', 'https://leopold.co.kr/web/upload/NNEditor/20230829/900RBT_ECB0A8ECBD9C20EBB894EBA3A81.jpg', '2024-09-18 21:56:09', 146000, 0.1, 'n', 'n', 100, '차콜 블루', '영문', '적축', 8),
	(557, 'https://leopold.co.kr/web/product/big/202308/f1c9cbb7a53a7c4c5dcfd29d8030232c.jpg', 'https://leopold.co.kr/web/upload/NNEditor/20230829/900RBT_ECB0A8ECBD9C20EBB894EBA3A81.jpg', '2024-09-18 21:56:09', 146000, 0.1, 'n', 'n', 100, '차콜 블루', '영문', '흑축', 8),
	(558, 'https://leopold.co.kr/web/product/big/202308/f1c9cbb7a53a7c4c5dcfd29d8030232c.jpg', 'https://leopold.co.kr/web/upload/NNEditor/20230829/900RBT_ECB0A8ECBD9C20EBB894EBA3A81.jpg', '2024-09-18 21:56:09', 146000, 0.1, 'n', 'n', 100, '차콜 블루', '영문', '저소음 적축', 8),
	(559, 'https://leopold.co.kr/web/product/big/202308/f1c9cbb7a53a7c4c5dcfd29d8030232c.jpg', 'https://leopold.co.kr/web/upload/NNEditor/20230829/900RBT_ECB0A8ECBD9C20EBB894EBA3A81.jpg', '2024-09-18 21:56:09', 146000, 0.1, 'n', 'n', 100, '차콜 블루', '영문', '백축', 8),
	(560, 'https://leopold.co.kr/web/product/big/202308/f1c9cbb7a53a7c4c5dcfd29d8030232c.jpg', 'https://leopold.co.kr/web/upload/NNEditor/20230829/900RBT_ECB0A8ECBD9C20EBB894EBA3A81.jpg', '2024-09-18 21:56:09', 146000, 0.1, 'n', 'n', 100, '차콜 블루', '영문', '은축', 8),
	(561, 'https://leopold.co.kr/web/product/big/202308/b7acda80943aca191786bb16ca294e0b.jpg', 'https://leopold.co.kr/web/upload/NNEditor/20230822/FC900RBT_1.jpg', '2024-09-18 21:56:09', 146000, 0.1, 'n', 'n', 100, '밀크 더쿼이즈', '한글', '갈축', 8),
	(562, 'https://leopold.co.kr/web/product/big/202308/b7acda80943aca191786bb16ca294e0b.jpg', 'https://leopold.co.kr/web/upload/NNEditor/20230822/FC900RBT_1.jpg', '2024-09-18 21:56:09', 146000, 0.1, 'n', 'n', 100, '밀크 더쿼이즈', '한글', '청축', 8),
	(563, 'https://leopold.co.kr/web/product/big/202308/b7acda80943aca191786bb16ca294e0b.jpg', 'https://leopold.co.kr/web/upload/NNEditor/20230822/FC900RBT_1.jpg', '2024-09-18 21:56:09', 146000, 0.1, 'n', 'n', 100, '밀크 더쿼이즈', '한글', '적축', 8),
	(564, 'https://leopold.co.kr/web/product/big/202308/b7acda80943aca191786bb16ca294e0b.jpg', 'https://leopold.co.kr/web/upload/NNEditor/20230822/FC900RBT_1.jpg', '2024-09-18 21:56:09', 146000, 0.1, 'n', 'n', 100, '밀크 더쿼이즈', '한글', '흑축', 8),
	(565, 'https://leopold.co.kr/web/product/big/202308/b7acda80943aca191786bb16ca294e0b.jpg', 'https://leopold.co.kr/web/upload/NNEditor/20230822/FC900RBT_1.jpg', '2024-09-18 21:56:09', 146000, 0.1, 'n', 'n', 100, '밀크 더쿼이즈', '한글', '저소음 적축', 8),
	(566, 'https://leopold.co.kr/web/product/big/202308/b7acda80943aca191786bb16ca294e0b.jpg', 'https://leopold.co.kr/web/upload/NNEditor/20230822/FC900RBT_1.jpg', '2024-09-18 21:56:09', 146000, 0.1, 'n', 'n', 100, '밀크 더쿼이즈', '한글', '백축', 8),
	(567, 'https://leopold.co.kr/web/product/big/202308/b7acda80943aca191786bb16ca294e0b.jpg', 'https://leopold.co.kr/web/upload/NNEditor/20230822/FC900RBT_1.jpg', '2024-09-18 21:56:09', 146000, 0.1, 'n', 'n', 100, '밀크 더쿼이즈', '한글', '은축', 8),
	(568, 'https://leopold.co.kr/web/product/big/202308/b7acda80943aca191786bb16ca294e0b.jpg', 'https://leopold.co.kr/web/upload/NNEditor/20230822/FC900RBT_1.jpg', '2024-09-18 21:56:09', 146000, 0.1, 'n', 'n', 100, '밀크 더쿼이즈', '영문', '갈축', 8),
	(569, 'https://leopold.co.kr/web/product/big/202308/b7acda80943aca191786bb16ca294e0b.jpg', 'https://leopold.co.kr/web/upload/NNEditor/20230822/FC900RBT_1.jpg', '2024-09-18 21:56:09', 146000, 0.1, 'n', 'n', 100, '밀크 더쿼이즈', '영문', '청축', 8),
	(570, 'https://leopold.co.kr/web/product/big/202308/b7acda80943aca191786bb16ca294e0b.jpg', 'https://leopold.co.kr/web/upload/NNEditor/20230822/FC900RBT_1.jpg', '2024-09-18 21:56:09', 146000, 0.1, 'n', 'n', 100, '밀크 더쿼이즈', '영문', '적축', 8),
	(571, 'https://leopold.co.kr/web/product/big/202308/b7acda80943aca191786bb16ca294e0b.jpg', 'https://leopold.co.kr/web/upload/NNEditor/20230822/FC900RBT_1.jpg', '2024-09-18 21:56:09', 146000, 0.1, 'n', 'n', 100, '밀크 더쿼이즈', '영문', '흑축', 8),
	(572, 'https://leopold.co.kr/web/product/big/202308/b7acda80943aca191786bb16ca294e0b.jpg', 'https://leopold.co.kr/web/upload/NNEditor/20230822/FC900RBT_1.jpg', '2024-09-18 21:56:09', 146000, 0.1, 'n', 'n', 100, '밀크 더쿼이즈', '영문', '저소음 적축', 8),
	(573, 'https://leopold.co.kr/web/product/big/202308/b7acda80943aca191786bb16ca294e0b.jpg', 'https://leopold.co.kr/web/upload/NNEditor/20230822/FC900RBT_1.jpg', '2024-09-18 21:56:09', 146000, 0.1, 'n', 'n', 100, '밀크 더쿼이즈', '영문', '백축', 8),
	(574, 'https://leopold.co.kr/web/product/big/202308/b7acda80943aca191786bb16ca294e0b.jpg', 'https://leopold.co.kr/web/upload/NNEditor/20230822/FC900RBT_1.jpg', '2024-09-18 21:56:09', 146000, 0.1, 'n', 'n', 100, '밀크 더쿼이즈', '영문', '은축', 8);

-- 테이블 leopold.product_category 구조 내보내기
DROP TABLE IF EXISTS `product_category`;
CREATE TABLE IF NOT EXISTS `product_category` (
  `uid` int(11) NOT NULL AUTO_INCREMENT,
  `name` varchar(255) NOT NULL,
  `parent_uid` int(11) DEFAULT NULL,
  PRIMARY KEY (`uid`)
) ENGINE=InnoDB AUTO_INCREMENT=26 DEFAULT CHARSET=utf8mb4 COLLATE=utf8mb4_general_ci;

-- 테이블 데이터 leopold.product_category:~25 rows (대략적) 내보내기
DELETE FROM `product_category`;
INSERT INTO `product_category` (`uid`, `name`, `parent_uid`) VALUES
	(1, '레오폴드 키보드', NULL),
	(2, '리얼포스 키보드', NULL),
	(3, '악세서리', NULL),
	(4, '기계식 유·무선 키보드', 1),
	(5, '기계식 유선 키보드', 1),
	(6, '정전용량 무접점', 1),
	(7, 'FC900RBT MX2A', 4),
	(8, 'FC900RBT', 4),
	(9, 'NP900RBT', 4),
	(10, 'FC750RBT MX2A', 4),
	(11, 'FC750RBT', 4),
	(12, 'NP750RBT', 4),
	(13, 'FC730MBT MX2A', 4),
	(14, 'FC630MBT MX2A', 4),
	(15, 'FC660MBT', 4),
	(16, 'FC980MBT', 4),
	(17, 'FC650MDSBT', 4),
	(18, 'FC900R MX2A', 5),
	(19, 'FC900R', 5),
	(20, 'FC750R', 5),
	(21, 'FC980M', 5),
	(22, 'FC660M', 5),
	(23, 'FC650MDS', 5),
	(24, 'FC210TP', 5),
	(25, 'FC980C', 6);

-- 테이블 leopold.receipt 구조 내보내기
DROP TABLE IF EXISTS `receipt`;
CREATE TABLE IF NOT EXISTS `receipt` (
  `uid` int(11) NOT NULL AUTO_INCREMENT,
  `title` varchar(255) NOT NULL,
  `content` longtext NOT NULL,
  PRIMARY KEY (`uid`)
) ENGINE=InnoDB DEFAULT CHARSET=utf8mb4 COLLATE=utf8mb4_general_ci;

-- 테이블 데이터 leopold.receipt:~0 rows (대략적) 내보내기
DELETE FROM `receipt`;

-- 테이블 leopold.review 구조 내보내기
DROP TABLE IF EXISTS `review`;
CREATE TABLE IF NOT EXISTS `review` (
  `uid` int(11) NOT NULL AUTO_INCREMENT,
  `title` varchar(255) NOT NULL,
  `content` longtext DEFAULT NULL,
  `write_date` timestamp NOT NULL DEFAULT current_timestamp(),
  `video_url` varchar(255) DEFAULT NULL,
  `notice_yn` char(1) NOT NULL DEFAULT 'n',
  `delete_yn` char(1) NOT NULL DEFAULT 'n',
  `delete_date` timestamp NULL DEFAULT NULL,
  `user_uid` int(11) DEFAULT NULL,
  PRIMARY KEY (`uid`),
  KEY `user_uid` (`user_uid`),
  CONSTRAINT `review_ibfk_1` FOREIGN KEY (`user_uid`) REFERENCES `user` (`uid`) ON DELETE SET NULL ON UPDATE CASCADE
) ENGINE=InnoDB AUTO_INCREMENT=7 DEFAULT CHARSET=utf8mb4 COLLATE=utf8mb4_general_ci;

-- 테이블 데이터 leopold.review:~6 rows (대략적) 내보내기
DELETE FROM `review`;
INSERT INTO `review` (`uid`, `title`, `content`, `write_date`, `video_url`, `notice_yn`, `delete_yn`, `delete_date`, `user_uid`) VALUES
	(1, '사용자 리뷰 안내', '<p>안녕하세요. 레오폴드 입니다 :)</p><p><br /></p><p>사용자 리뷰 게시판은 레오폴드의 상품 또는 서비스를 다른 분들께 공유 하거나 사용 후기를 남기는 공간입니다.</p><p>궁금하신 사항이나 문의 글은 1:1 문의 게시판을 통해 접수 부탁 드립니다.</p>', '2024-09-19 21:41:31', NULL, 'y', 'n', NULL, 1),
	(2, '레오폴드 FC750RBT MX2A 이 키보드 뭔가요? 강력 추천합니다.', '<p>앤프로2 게이트론 청축을 3년 정도 쓰다가 ‘ㅈ’ 키가 고장나서</p><p>여러 평을 써치하다가 레오폴드로 결정하고 공홈에서 텐키리스 중</p><p>가장 신제품으로 검색하여 새로 산 키보드가 레오폴드 FC750RBT mx2a 적축입니다.</p>', '2024-09-19 21:43:13', NULL, 'n', 'n', NULL, 3),
	(3, '속이 시원해지는 A/S 감사합니다.', '<p>A/S 기간이 한참이나 지나 버려서 A/S가 안될거라는 지레짐작에 겨우겨우 불편을 감수하면서 사용했었는데,</p><p>키보드 사용하는 시간이 더 늘어감에 따라 불편의 정도가 심해지는 탓에 유료라도 A/S를 맡기겠다고 결심을 했습니다.</p><p>1주일 정도의 시간을 기다리는데, 이쁜 레오폴드 박스에 친구가 깨끗하게 목욕까지 하고 들어 있었습니다.</p><p>이번 A/S를 담당해 주신 분들께..그리고 레오폴드 회사에 진심으로 감사하다는 말씀드리고 싶습니다.</p>', '2024-09-19 21:44:44', NULL, 'n', 'n', NULL, 4),
	(4, '블루투스 전환시 지연시간이 길어서 안좋습니다.', '<p>블루투스 기기 전환시 2초 이상을 누르고 있어야 하는게 너무 불편하네요.</p><p>이걸 왜 2초 이상 누르고 있어야 전환되게 한건지, 어차피 fn 키 조합인데 즉시 전화하면 안되는거였는지..</p><p>기기 전환할때마다 답답해 죽음...</p>', '2024-09-19 21:45:34', NULL, 'n', 'n', NULL, 6),
	(5, '레오폴드 키보드 무상수리', '<p>스페이스바의 고장과 방향키의 이물질 문제를 무상으로 수리해주셨습니다.</p><p>발송한 뒤 수리하고 다시 받는데까지 일주일도 걸리지 않았고 고장났던 부분이 다 고쳐져서 왔습니다.</p><p>고장난 뒤 심해졌던 스페이스바의 소음도 잡아주셔서 매우 만족스럽습니다.</p>', '2024-09-19 21:49:49', NULL, 'n', 'n', NULL, 5),
	(6, '리얼포스 키캡 마감이 싸구려 같아요', '<p>10주년 리얼포스 사용하다가 집에서도 리얼포스 사용할려고 하나 더 구매했는데 키캡 마감이 너무 싸구려 같네요이거 불량도 아닌거죠?</p>', '2024-09-19 21:52:25', NULL, 'n', 'n', NULL, 2);

-- 테이블 leopold.user 구조 내보내기
DROP TABLE IF EXISTS `user`;
CREATE TABLE IF NOT EXISTS `user` (
  `uid` int(11) NOT NULL AUTO_INCREMENT,
  `id` varchar(255) NOT NULL,
  `password` varchar(255) NOT NULL,
  `name` varchar(255) NOT NULL,
  `zipcode` varchar(255) NOT NULL,
  `address` varchar(255) NOT NULL,
  `address_detail` varchar(255) DEFAULT NULL,
  `phone_alt` varchar(255) DEFAULT NULL,
  `phone` varchar(255) NOT NULL,
  `email` varchar(255) NOT NULL,
  `agree_sms_yn` char(1) NOT NULL,
  `agree_email_yn` char(1) NOT NULL,
  `point` int(11) NOT NULL DEFAULT 0,
  `join_date` timestamp NOT NULL DEFAULT current_timestamp(),
  `auth` varchar(255) NOT NULL DEFAULT 'role_user',
  `status` varchar(255) NOT NULL DEFAULT 'active',
  `withdraw_date` timestamp NULL DEFAULT NULL,
  PRIMARY KEY (`uid`),
  UNIQUE KEY `id` (`id`)
) ENGINE=InnoDB AUTO_INCREMENT=7 DEFAULT CHARSET=utf8mb4 COLLATE=utf8mb4_general_ci;

-- 테이블 데이터 leopold.user:~6 rows (대략적) 내보내기
DELETE FROM `user`;
INSERT INTO `user` (`uid`, `id`, `password`, `name`, `zipcode`, `address`, `address_detail`, `phone_alt`, `phone`, `email`, `agree_sms_yn`, `agree_email_yn`, `point`, `join_date`, `auth`, `status`, `withdraw_date`) VALUES
	(1, 'test', 'test', '레오폴드', '05329', '서울 강동구 천호대로 1027 (천호동, 동원천호빌딩)', '하이미디어컴퓨터학원', '02-1234-5678', '010-1234-5678', 'hello@world.com', 'y', 'y', 4000, '2024-09-19 10:05:14', 'role_admin', 'active', NULL),
	(2, 'mosaek2', '3dnQfprtm!', '권혁민', '05224', '서울 강동구 고덕로 333 (고덕동, 고덕그라시움)', '214동 1014호', '02-428-1526', '010-3002-0014', 'mosaek2@gmail.com', 'n', 'y', 500, '2024-09-19 13:14:55', 'role_user', 'active', NULL),
	(3, 'hitori', 'rlaalwls71', '김경모', '05287', '서울 강동구 상일로 74 (상일동, 고덕리엔파크3단지아파트)', '339동 1203호', NULL, '010-5004-1362', 'hitori@naver.com', 'y', 'y', 2200, '2024-09-19 13:16:00', 'role_user', 'active', NULL),
	(4, 'koala', 'rlaalwls71', '장기현', '02824', '서울 성북구 성북로14라길 16 (성북동, 호주대사관저)', '101동 1014호', NULL, '010-9418-3263', 'koala@naver.com', 'n', 'n', 2000, '2024-09-19 13:17:33', 'role_user', 'active', NULL),
	(5, 'mijin', 'rlaalwls71', '김미진', '13536', '경기 성남시 분당구 판교역로 4 (백현동)', '14층', NULL, '010-7121-0014', 'mijin@nate.com', 'n', 'n', 500, '2024-09-19 13:18:59', 'role_user', 'active', NULL),
	(6, 'trumpet', 'fjorco', '김수현', '05200', '서울 강동구 가래여울길 71 (고덕동)', '216-83', NULL, '010-9450-6437', 'mosaek@naver.com', 'n', 'n', 0, '2024-09-19 13:23:21', 'role_user', 'active', NULL);

-- 테이블 leopold.wish 구조 내보내기
DROP TABLE IF EXISTS `wish`;
CREATE TABLE IF NOT EXISTS `wish` (
  `uid` int(11) NOT NULL AUTO_INCREMENT,
  `price` int(11) DEFAULT NULL,
  `discount_rate` double DEFAULT NULL,
  `ordered_yn` char(1) NOT NULL DEFAULT 'n',
  `cart_uid` int(11) NOT NULL,
  `order_uid` int(11) DEFAULT NULL,
  PRIMARY KEY (`uid`),
  KEY `cart_uid` (`cart_uid`),
  KEY `order_uid` (`order_uid`),
  CONSTRAINT `wish_ibfk_1` FOREIGN KEY (`cart_uid`) REFERENCES `cart` (`uid`) ON DELETE CASCADE ON UPDATE CASCADE,
  CONSTRAINT `wish_ibfk_2` FOREIGN KEY (`order_uid`) REFERENCES `order` (`uid`) ON DELETE CASCADE ON UPDATE CASCADE
) ENGINE=InnoDB AUTO_INCREMENT=152 DEFAULT CHARSET=utf8mb4 COLLATE=utf8mb4_general_ci;

-- 테이블 데이터 leopold.wish:~0 rows (대략적) 내보내기
DELETE FROM `wish`;

/*!40103 SET TIME_ZONE=IFNULL(@OLD_TIME_ZONE, 'system') */;
/*!40101 SET SQL_MODE=IFNULL(@OLD_SQL_MODE, '') */;
/*!40014 SET FOREIGN_KEY_CHECKS=IFNULL(@OLD_FOREIGN_KEY_CHECKS, 1) */;
/*!40101 SET CHARACTER_SET_CLIENT=@OLD_CHARACTER_SET_CLIENT */;
/*!40111 SET SQL_NOTES=IFNULL(@OLD_SQL_NOTES, 1) */;
